ISO-10303-21;
HEADER;
/* Generated by software containing ST-Developer
 * from STEP Tools, Inc. (www.steptools.com) 
 */

FILE_DESCRIPTION(
/* description */ ('KiCad electronic assembly'),
/* implementation_level */ '2;1');

FILE_NAME(
/* name */ 'Pyae''s Alarm Clock (Case) 2.step',
/* time_stamp */ '2026-09-25T18:26:07-07:00',
/* author */ (''),
/* organization */ (''),
/* preprocessor_version */ 'ST-DEVELOPER v20.2',
/* originating_system */ 'Autodesk Translation Framework v15.15.0.0',
/* authorisation */ '');

FILE_SCHEMA (('AUTOMOTIVE_DESIGN { 1 0 10303 214 3 1 1 }'));
ENDSEC;

DATA;
#10=MECHANICAL_DESIGN_GEOMETRIC_PRESENTATION_REPRESENTATION('',(#13),#2225);
#11=SHAPE_REPRESENTATION_RELATIONSHIP('SRR','None',#2232,#12);
#12=ADVANCED_BREP_SHAPE_REPRESENTATION('',(#14),#2224);
#13=STYLED_ITEM('',(#2241),#14);
#14=MANIFOLD_SOLID_BREP('Body3',#1345);
#15=FACE_BOUND('',#176,.T.);
#16=FACE_BOUND('',#198,.T.);
#17=FACE_BOUND('',#201,.T.);
#18=FACE_BOUND('',#202,.T.);
#19=FACE_BOUND('',#203,.T.);
#20=FACE_BOUND('',#204,.T.);
#21=FACE_BOUND('',#205,.T.);
#22=FACE_BOUND('',#215,.T.);
#23=FACE_BOUND('',#218,.T.);
#24=FACE_BOUND('',#223,.T.);
#25=FACE_BOUND('',#229,.T.);
#26=FACE_BOUND('',#242,.T.);
#27=FACE_BOUND('',#246,.T.);
#28=FACE_BOUND('',#247,.T.);
#29=FACE_BOUND('',#248,.T.);
#30=FACE_BOUND('',#252,.T.);
#31=FACE_BOUND('',#261,.T.);
#32=FACE_BOUND('',#262,.T.);
#33=FACE_BOUND('',#263,.T.);
#34=CYLINDRICAL_SURFACE('',#1367,2.875);
#35=CYLINDRICAL_SURFACE('',#1372,2.875);
#36=CYLINDRICAL_SURFACE('',#1393,2.5);
#37=CYLINDRICAL_SURFACE('',#1406,2.5);
#38=CYLINDRICAL_SURFACE('',#1408,2.5);
#39=CYLINDRICAL_SURFACE('',#1410,2.5);
#40=CYLINDRICAL_SURFACE('',#1414,2.3);
#41=CYLINDRICAL_SURFACE('',#1418,4.49999999999999);
#42=CYLINDRICAL_SURFACE('',#1427,2.3);
#43=CYLINDRICAL_SURFACE('',#1431,4.49999999999999);
#44=CYLINDRICAL_SURFACE('',#1437,2.3);
#45=CYLINDRICAL_SURFACE('',#1440,4.49999999999999);
#46=CYLINDRICAL_SURFACE('',#1444,2.3);
#47=CYLINDRICAL_SURFACE('',#1446,2.3);
#48=CYLINDRICAL_SURFACE('',#1448,2.3);
#49=CYLINDRICAL_SURFACE('',#1456,4.49999999999999);
#50=CYLINDRICAL_SURFACE('',#1458,4.49999999999999);
#51=CYLINDRICAL_SURFACE('',#1464,2.3);
#52=CIRCLE('',#1361,3.37500000000001);
#53=CIRCLE('',#1362,2.875);
#54=CIRCLE('',#1365,3.375);
#55=CIRCLE('',#1366,2.875);
#56=CIRCLE('',#1368,2.875);
#57=CIRCLE('',#1373,2.875);
#58=CIRCLE('',#1394,2.5);
#59=CIRCLE('',#1395,2.5);
#60=CIRCLE('',#1397,2.5);
#61=CIRCLE('',#1398,2.5);
#62=CIRCLE('',#1399,2.5);
#63=CIRCLE('',#1400,2.3);
#64=CIRCLE('',#1401,4.49999999999999);
#65=CIRCLE('',#1402,4.49999999999999);
#66=CIRCLE('',#1403,2.3);
#67=CIRCLE('',#1404,2.3);
#68=CIRCLE('',#1405,2.3);
#69=CIRCLE('',#1407,2.5);
#70=CIRCLE('',#1409,2.5);
#71=CIRCLE('',#1411,2.5);
#72=CIRCLE('',#1415,2.3);
#73=CIRCLE('',#1416,2.3);
#74=CIRCLE('',#1419,4.49999999999999);
#75=CIRCLE('',#1420,4.49999999999999);
#76=CIRCLE('',#1423,4.49999999999999);
#77=CIRCLE('',#1425,4.49999999999999);
#78=CIRCLE('',#1426,4.49999999999999);
#79=CIRCLE('',#1428,2.3);
#80=CIRCLE('',#1429,2.3);
#81=CIRCLE('',#1432,4.49999999999999);
#82=CIRCLE('',#1435,4.49999999999999);
#83=CIRCLE('',#1438,2.3);
#84=CIRCLE('',#1439,2.3);
#85=CIRCLE('',#1441,4.49999999999999);
#86=CIRCLE('',#1445,2.3);
#87=CIRCLE('',#1447,2.3);
#88=CIRCLE('',#1449,2.3);
#89=CIRCLE('',#1465,2.3);
#90=CONICAL_SURFACE('',#1360,3.125,0.785398163397413);
#91=CONICAL_SURFACE('',#1364,3.125,0.785398163397413);
#92=FACE_OUTER_BOUND('',#169,.T.);
#93=FACE_OUTER_BOUND('',#170,.T.);
#94=FACE_OUTER_BOUND('',#171,.T.);
#95=FACE_OUTER_BOUND('',#172,.T.);
#96=FACE_OUTER_BOUND('',#173,.T.);
#97=FACE_OUTER_BOUND('',#174,.T.);
#98=FACE_OUTER_BOUND('',#175,.T.);
#99=FACE_OUTER_BOUND('',#177,.T.);
#100=FACE_OUTER_BOUND('',#178,.T.);
#101=FACE_OUTER_BOUND('',#179,.T.);
#102=FACE_OUTER_BOUND('',#180,.T.);
#103=FACE_OUTER_BOUND('',#181,.T.);
#104=FACE_OUTER_BOUND('',#182,.T.);
#105=FACE_OUTER_BOUND('',#183,.T.);
#106=FACE_OUTER_BOUND('',#184,.T.);
#107=FACE_OUTER_BOUND('',#185,.T.);
#108=FACE_OUTER_BOUND('',#186,.T.);
#109=FACE_OUTER_BOUND('',#187,.T.);
#110=FACE_OUTER_BOUND('',#188,.T.);
#111=FACE_OUTER_BOUND('',#189,.T.);
#112=FACE_OUTER_BOUND('',#190,.T.);
#113=FACE_OUTER_BOUND('',#191,.T.);
#114=FACE_OUTER_BOUND('',#192,.T.);
#115=FACE_OUTER_BOUND('',#193,.T.);
#116=FACE_OUTER_BOUND('',#194,.T.);
#117=FACE_OUTER_BOUND('',#195,.T.);
#118=FACE_OUTER_BOUND('',#196,.T.);
#119=FACE_OUTER_BOUND('',#197,.T.);
#120=FACE_OUTER_BOUND('',#199,.T.);
#121=FACE_OUTER_BOUND('',#200,.T.);
#122=FACE_OUTER_BOUND('',#206,.T.);
#123=FACE_OUTER_BOUND('',#207,.T.);
#124=FACE_OUTER_BOUND('',#208,.T.);
#125=FACE_OUTER_BOUND('',#209,.T.);
#126=FACE_OUTER_BOUND('',#210,.T.);
#127=FACE_OUTER_BOUND('',#211,.T.);
#128=FACE_OUTER_BOUND('',#212,.T.);
#129=FACE_OUTER_BOUND('',#213,.T.);
#130=FACE_OUTER_BOUND('',#214,.T.);
#131=FACE_OUTER_BOUND('',#216,.T.);
#132=FACE_OUTER_BOUND('',#217,.T.);
#133=FACE_OUTER_BOUND('',#219,.T.);
#134=FACE_OUTER_BOUND('',#220,.T.);
#135=FACE_OUTER_BOUND('',#221,.T.);
#136=FACE_OUTER_BOUND('',#222,.T.);
#137=FACE_OUTER_BOUND('',#224,.T.);
#138=FACE_OUTER_BOUND('',#225,.T.);
#139=FACE_OUTER_BOUND('',#226,.T.);
#140=FACE_OUTER_BOUND('',#227,.T.);
#141=FACE_OUTER_BOUND('',#228,.T.);
#142=FACE_OUTER_BOUND('',#230,.T.);
#143=FACE_OUTER_BOUND('',#231,.T.);
#144=FACE_OUTER_BOUND('',#232,.T.);
#145=FACE_OUTER_BOUND('',#233,.T.);
#146=FACE_OUTER_BOUND('',#234,.T.);
#147=FACE_OUTER_BOUND('',#235,.T.);
#148=FACE_OUTER_BOUND('',#236,.T.);
#149=FACE_OUTER_BOUND('',#237,.T.);
#150=FACE_OUTER_BOUND('',#238,.T.);
#151=FACE_OUTER_BOUND('',#239,.T.);
#152=FACE_OUTER_BOUND('',#240,.T.);
#153=FACE_OUTER_BOUND('',#241,.T.);
#154=FACE_OUTER_BOUND('',#243,.T.);
#155=FACE_OUTER_BOUND('',#244,.T.);
#156=FACE_OUTER_BOUND('',#245,.T.);
#157=FACE_OUTER_BOUND('',#249,.T.);
#158=FACE_OUTER_BOUND('',#250,.T.);
#159=FACE_OUTER_BOUND('',#251,.T.);
#160=FACE_OUTER_BOUND('',#253,.T.);
#161=FACE_OUTER_BOUND('',#254,.T.);
#162=FACE_OUTER_BOUND('',#255,.T.);
#163=FACE_OUTER_BOUND('',#256,.T.);
#164=FACE_OUTER_BOUND('',#257,.T.);
#165=FACE_OUTER_BOUND('',#258,.T.);
#166=FACE_OUTER_BOUND('',#259,.T.);
#167=FACE_OUTER_BOUND('',#260,.T.);
#168=FACE_OUTER_BOUND('',#264,.T.);
#169=EDGE_LOOP('',(#847,#848,#849,#850));
#170=EDGE_LOOP('',(#851,#852,#853,#854));
#171=EDGE_LOOP('',(#855,#856,#857,#858));
#172=EDGE_LOOP('',(#859,#860,#861,#862));
#173=EDGE_LOOP('',(#863,#864,#865,#866));
#174=EDGE_LOOP('',(#867,#868,#869,#870));
#175=EDGE_LOOP('',(#871,#872,#873,#874));
#176=EDGE_LOOP('',(#875,#876,#877,#878));
#177=EDGE_LOOP('',(#879,#880,#881,#882));
#178=EDGE_LOOP('',(#883,#884,#885,#886));
#179=EDGE_LOOP('',(#887,#888,#889,#890));
#180=EDGE_LOOP('',(#891,#892,#893,#894));
#181=EDGE_LOOP('',(#895,#896,#897,#898));
#182=EDGE_LOOP('',(#899,#900,#901,#902));
#183=EDGE_LOOP('',(#903,#904,#905,#906));
#184=EDGE_LOOP('',(#907,#908,#909,#910));
#185=EDGE_LOOP('',(#911,#912,#913,#914));
#186=EDGE_LOOP('',(#915,#916,#917,#918));
#187=EDGE_LOOP('',(#919,#920,#921,#922));
#188=EDGE_LOOP('',(#923,#924,#925,#926));
#189=EDGE_LOOP('',(#927,#928,#929,#930));
#190=EDGE_LOOP('',(#931,#932,#933,#934));
#191=EDGE_LOOP('',(#935,#936,#937,#938));
#192=EDGE_LOOP('',(#939,#940,#941,#942));
#193=EDGE_LOOP('',(#943,#944,#945,#946));
#194=EDGE_LOOP('',(#947,#948,#949,#950));
#195=EDGE_LOOP('',(#951,#952,#953,#954));
#196=EDGE_LOOP('',(#955,#956,#957,#958));
#197=EDGE_LOOP('',(#959,#960,#961,#962));
#198=EDGE_LOOP('',(#963,#964,#965,#966));
#199=EDGE_LOOP('',(#967,#968,#969,#970));
#200=EDGE_LOOP('',(#971,#972,#973,#974,#975,#976,#977,#978));
#201=EDGE_LOOP('',(#979));
#202=EDGE_LOOP('',(#980,#981,#982,#983,#984,#985,#986,#987,#988,#989,#990,
#991,#992,#993));
#203=EDGE_LOOP('',(#994));
#204=EDGE_LOOP('',(#995));
#205=EDGE_LOOP('',(#996));
#206=EDGE_LOOP('',(#997,#998,#999,#1000));
#207=EDGE_LOOP('',(#1001,#1002,#1003,#1004));
#208=EDGE_LOOP('',(#1005,#1006,#1007,#1008));
#209=EDGE_LOOP('',(#1009,#1010,#1011,#1012));
#210=EDGE_LOOP('',(#1013,#1014,#1015,#1016));
#211=EDGE_LOOP('',(#1017,#1018,#1019,#1020));
#212=EDGE_LOOP('',(#1021,#1022,#1023,#1024));
#213=EDGE_LOOP('',(#1025,#1026,#1027,#1028));
#214=EDGE_LOOP('',(#1029,#1030));
#215=EDGE_LOOP('',(#1031));
#216=EDGE_LOOP('',(#1032,#1033));
#217=EDGE_LOOP('',(#1034,#1035,#1036,#1037,#1038,#1039,#1040,#1041,#1042,
#1043,#1044,#1045,#1046,#1047));
#218=EDGE_LOOP('',(#1048));
#219=EDGE_LOOP('',(#1049,#1050,#1051,#1052));
#220=EDGE_LOOP('',(#1053,#1054,#1055,#1056));
#221=EDGE_LOOP('',(#1057,#1058,#1059,#1060));
#222=EDGE_LOOP('',(#1061,#1062));
#223=EDGE_LOOP('',(#1063));
#224=EDGE_LOOP('',(#1064,#1065));
#225=EDGE_LOOP('',(#1066));
#226=EDGE_LOOP('',(#1067,#1068,#1069,#1070));
#227=EDGE_LOOP('',(#1071,#1072,#1073,#1074));
#228=EDGE_LOOP('',(#1075));
#229=EDGE_LOOP('',(#1076));
#230=EDGE_LOOP('',(#1077));
#231=EDGE_LOOP('',(#1078,#1079,#1080,#1081));
#232=EDGE_LOOP('',(#1082,#1083,#1084,#1085));
#233=EDGE_LOOP('',(#1086,#1087,#1088,#1089));
#234=EDGE_LOOP('',(#1090,#1091,#1092,#1093));
#235=EDGE_LOOP('',(#1094,#1095,#1096,#1097));
#236=EDGE_LOOP('',(#1098,#1099,#1100,#1101));
#237=EDGE_LOOP('',(#1102,#1103,#1104,#1105));
#238=EDGE_LOOP('',(#1106,#1107,#1108,#1109));
#239=EDGE_LOOP('',(#1110,#1111,#1112,#1113,#1114));
#240=EDGE_LOOP('',(#1115,#1116,#1117,#1118,#1119,#1120));
#241=EDGE_LOOP('',(#1121,#1122,#1123,#1124,#1125,#1126));
#242=EDGE_LOOP('',(#1127,#1128,#1129,#1130));
#243=EDGE_LOOP('',(#1131,#1132,#1133,#1134,#1135,#1136));
#244=EDGE_LOOP('',(#1137,#1138,#1139,#1140,#1141));
#245=EDGE_LOOP('',(#1142,#1143,#1144,#1145));
#246=EDGE_LOOP('',(#1146,#1147,#1148,#1149));
#247=EDGE_LOOP('',(#1150,#1151,#1152,#1153));
#248=EDGE_LOOP('',(#1154,#1155,#1156,#1157));
#249=EDGE_LOOP('',(#1158,#1159,#1160,#1161));
#250=EDGE_LOOP('',(#1162,#1163,#1164,#1165));
#251=EDGE_LOOP('',(#1166,#1167,#1168,#1169));
#252=EDGE_LOOP('',(#1170,#1171,#1172,#1173));
#253=EDGE_LOOP('',(#1174,#1175,#1176,#1177));
#254=EDGE_LOOP('',(#1178));
#255=EDGE_LOOP('',(#1179));
#256=EDGE_LOOP('',(#1180));
#257=EDGE_LOOP('',(#1181));
#258=EDGE_LOOP('',(#1182));
#259=EDGE_LOOP('',(#1183,#1184,#1185,#1186));
#260=EDGE_LOOP('',(#1187,#1188,#1189,#1190));
#261=EDGE_LOOP('',(#1191,#1192,#1193,#1194));
#262=EDGE_LOOP('',(#1195,#1196,#1197,#1198));
#263=EDGE_LOOP('',(#1199,#1200,#1201,#1202));
#264=EDGE_LOOP('',(#1203,#1204,#1205,#1206,#1207,#1208,#1209,#1210));
#265=LINE('',#1854,#409);
#266=LINE('',#1856,#410);
#267=LINE('',#1858,#411);
#268=LINE('',#1859,#412);
#269=LINE('',#1863,#413);
#270=LINE('',#1869,#414);
#271=LINE('',#1870,#415);
#272=LINE('',#1871,#416);
#273=LINE('',#1877,#417);
#274=LINE('',#1880,#418);
#275=LINE('',#1883,#419);
#276=LINE('',#1884,#420);
#277=LINE('',#1888,#421);
#278=LINE('',#1890,#422);
#279=LINE('',#1892,#423);
#280=LINE('',#1893,#424);
#281=LINE('',#1896,#425);
#282=LINE('',#1897,#426);
#283=LINE('',#1903,#427);
#284=LINE('',#1905,#428);
#285=LINE('',#1907,#429);
#286=LINE('',#1908,#430);
#287=LINE('',#1911,#431);
#288=LINE('',#1913,#432);
#289=LINE('',#1914,#433);
#290=LINE('',#1917,#434);
#291=LINE('',#1919,#435);
#292=LINE('',#1920,#436);
#293=LINE('',#1922,#437);
#294=LINE('',#1923,#438);
#295=LINE('',#1927,#439);
#296=LINE('',#1929,#440);
#297=LINE('',#1931,#441);
#298=LINE('',#1932,#442);
#299=LINE('',#1935,#443);
#300=LINE('',#1937,#444);
#301=LINE('',#1938,#445);
#302=LINE('',#1941,#446);
#303=LINE('',#1943,#447);
#304=LINE('',#1944,#448);
#305=LINE('',#1946,#449);
#306=LINE('',#1947,#450);
#307=LINE('',#1951,#451);
#308=LINE('',#1953,#452);
#309=LINE('',#1955,#453);
#310=LINE('',#1956,#454);
#311=LINE('',#1959,#455);
#312=LINE('',#1961,#456);
#313=LINE('',#1962,#457);
#314=LINE('',#1965,#458);
#315=LINE('',#1967,#459);
#316=LINE('',#1968,#460);
#317=LINE('',#1970,#461);
#318=LINE('',#1971,#462);
#319=LINE('',#1975,#463);
#320=LINE('',#1977,#464);
#321=LINE('',#1979,#465);
#322=LINE('',#1980,#466);
#323=LINE('',#1983,#467);
#324=LINE('',#1985,#468);
#325=LINE('',#1986,#469);
#326=LINE('',#1989,#470);
#327=LINE('',#1991,#471);
#328=LINE('',#1992,#472);
#329=LINE('',#1994,#473);
#330=LINE('',#1995,#474);
#331=LINE('',#1998,#475);
#332=LINE('',#2000,#476);
#333=LINE('',#2001,#477);
#334=LINE('',#2004,#478);
#335=LINE('',#2005,#479);
#336=LINE('',#2009,#480);
#337=LINE('',#2011,#481);
#338=LINE('',#2013,#482);
#339=LINE('',#2014,#483);
#340=LINE('',#2020,#484);
#341=LINE('',#2025,#485);
#342=LINE('',#2029,#486);
#343=LINE('',#2034,#487);
#344=LINE('',#2036,#488);
#345=LINE('',#2038,#489);
#346=LINE('',#2040,#490);
#347=LINE('',#2042,#491);
#348=LINE('',#2046,#492);
#349=LINE('',#2050,#493);
#350=LINE('',#2052,#494);
#351=LINE('',#2054,#495);
#352=LINE('',#2056,#496);
#353=LINE('',#2058,#497);
#354=LINE('',#2059,#498);
#355=LINE('',#2069,#499);
#356=LINE('',#2073,#500);
#357=LINE('',#2077,#501);
#358=LINE('',#2080,#502);
#359=LINE('',#2081,#503);
#360=LINE('',#2083,#504);
#361=LINE('',#2088,#505);
#362=LINE('',#2093,#506);
#363=LINE('',#2095,#507);
#364=LINE('',#2097,#508);
#365=LINE('',#2098,#509);
#366=LINE('',#2107,#510);
#367=LINE('',#2109,#511);
#368=LINE('',#2111,#512);
#369=LINE('',#2113,#513);
#370=LINE('',#2115,#514);
#371=LINE('',#2117,#515);
#372=LINE('',#2119,#516);
#373=LINE('',#2121,#517);
#374=LINE('',#2123,#518);
#375=LINE('',#2125,#519);
#376=LINE('',#2127,#520);
#377=LINE('',#2130,#521);
#378=LINE('',#2137,#522);
#379=LINE('',#2140,#523);
#380=LINE('',#2142,#524);
#381=LINE('',#2144,#525);
#382=LINE('',#2145,#526);
#383=LINE('',#2156,#527);
#384=LINE('',#2161,#528);
#385=LINE('',#2166,#529);
#386=LINE('',#2170,#530);
#387=LINE('',#2174,#531);
#388=LINE('',#2177,#532);
#389=LINE('',#2178,#533);
#390=LINE('',#2180,#534);
#391=LINE('',#2182,#535);
#392=LINE('',#2184,#536);
#393=LINE('',#2186,#537);
#394=LINE('',#2188,#538);
#395=LINE('',#2189,#539);
#396=LINE('',#2191,#540);
#397=LINE('',#2192,#541);
#398=LINE('',#2194,#542);
#399=LINE('',#2195,#543);
#400=LINE('',#2197,#544);
#401=LINE('',#2198,#545);
#402=LINE('',#2200,#546);
#403=LINE('',#2202,#547);
#404=LINE('',#2204,#548);
#405=LINE('',#2206,#549);
#406=LINE('',#2210,#550);
#407=LINE('',#2218,#551);
#408=LINE('',#2220,#552);
#409=VECTOR('',#1478,10.);
#410=VECTOR('',#1479,10.);
#411=VECTOR('',#1480,10.);
#412=VECTOR('',#1481,10.);
#413=VECTOR('',#1484,10.);
#414=VECTOR('',#1491,10.);
#415=VECTOR('',#1492,10.);
#416=VECTOR('',#1493,10.);
#417=VECTOR('',#1502,10.);
#418=VECTOR('',#1505,10.);
#419=VECTOR('',#1508,10.);
#420=VECTOR('',#1509,10.);
#421=VECTOR('',#1512,10.);
#422=VECTOR('',#1513,10.);
#423=VECTOR('',#1514,10.);
#424=VECTOR('',#1515,10.);
#425=VECTOR('',#1518,10.);
#426=VECTOR('',#1519,10.);
#427=VECTOR('',#1526,10.);
#428=VECTOR('',#1527,10.);
#429=VECTOR('',#1528,10.);
#430=VECTOR('',#1529,10.);
#431=VECTOR('',#1532,10.);
#432=VECTOR('',#1533,10.);
#433=VECTOR('',#1534,10.);
#434=VECTOR('',#1537,10.);
#435=VECTOR('',#1538,10.);
#436=VECTOR('',#1539,10.);
#437=VECTOR('',#1542,10.);
#438=VECTOR('',#1543,10.);
#439=VECTOR('',#1546,10.);
#440=VECTOR('',#1547,10.);
#441=VECTOR('',#1548,10.);
#442=VECTOR('',#1549,10.);
#443=VECTOR('',#1552,10.);
#444=VECTOR('',#1553,10.);
#445=VECTOR('',#1554,10.);
#446=VECTOR('',#1557,10.);
#447=VECTOR('',#1558,10.);
#448=VECTOR('',#1559,10.);
#449=VECTOR('',#1562,10.);
#450=VECTOR('',#1563,10.);
#451=VECTOR('',#1566,10.);
#452=VECTOR('',#1567,10.);
#453=VECTOR('',#1568,10.);
#454=VECTOR('',#1569,10.);
#455=VECTOR('',#1572,10.);
#456=VECTOR('',#1573,10.);
#457=VECTOR('',#1574,10.);
#458=VECTOR('',#1577,10.);
#459=VECTOR('',#1578,10.);
#460=VECTOR('',#1579,10.);
#461=VECTOR('',#1582,10.);
#462=VECTOR('',#1583,10.);
#463=VECTOR('',#1586,10.);
#464=VECTOR('',#1587,10.);
#465=VECTOR('',#1588,10.);
#466=VECTOR('',#1589,10.);
#467=VECTOR('',#1592,10.);
#468=VECTOR('',#1593,10.);
#469=VECTOR('',#1594,10.);
#470=VECTOR('',#1597,10.);
#471=VECTOR('',#1598,10.);
#472=VECTOR('',#1599,10.);
#473=VECTOR('',#1602,10.);
#474=VECTOR('',#1603,10.);
#475=VECTOR('',#1606,10.);
#476=VECTOR('',#1607,10.);
#477=VECTOR('',#1608,10.);
#478=VECTOR('',#1611,10.);
#479=VECTOR('',#1612,10.);
#480=VECTOR('',#1615,10.);
#481=VECTOR('',#1616,10.);
#482=VECTOR('',#1617,10.);
#483=VECTOR('',#1618,10.);
#484=VECTOR('',#1625,10.);
#485=VECTOR('',#1630,10.);
#486=VECTOR('',#1635,10.);
#487=VECTOR('',#1638,10.);
#488=VECTOR('',#1639,10.);
#489=VECTOR('',#1640,10.);
#490=VECTOR('',#1641,10.);
#491=VECTOR('',#1642,10.);
#492=VECTOR('',#1645,10.);
#493=VECTOR('',#1648,10.);
#494=VECTOR('',#1649,10.);
#495=VECTOR('',#1650,10.);
#496=VECTOR('',#1651,10.);
#497=VECTOR('',#1652,10.);
#498=VECTOR('',#1653,10.);
#499=VECTOR('',#1664,10.);
#500=VECTOR('',#1669,10.);
#501=VECTOR('',#1674,10.);
#502=VECTOR('',#1677,10.);
#503=VECTOR('',#1678,10.);
#504=VECTOR('',#1681,10.);
#505=VECTOR('',#1686,2.3);
#506=VECTOR('',#1691,10.);
#507=VECTOR('',#1692,10.);
#508=VECTOR('',#1693,10.);
#509=VECTOR('',#1694,10.);
#510=VECTOR('',#1709,10.);
#511=VECTOR('',#1710,10.);
#512=VECTOR('',#1711,10.);
#513=VECTOR('',#1712,10.);
#514=VECTOR('',#1713,10.);
#515=VECTOR('',#1714,10.);
#516=VECTOR('',#1715,10.);
#517=VECTOR('',#1716,10.);
#518=VECTOR('',#1717,10.);
#519=VECTOR('',#1718,10.);
#520=VECTOR('',#1719,10.);
#521=VECTOR('',#1722,10.);
#522=VECTOR('',#1729,2.3);
#523=VECTOR('',#1734,10.);
#524=VECTOR('',#1735,10.);
#525=VECTOR('',#1736,10.);
#526=VECTOR('',#1737,10.);
#527=VECTOR('',#1754,2.3);
#528=VECTOR('',#1761,4.49999999999999);
#529=VECTOR('',#1768,2.3);
#530=VECTOR('',#1773,2.3);
#531=VECTOR('',#1778,2.3);
#532=VECTOR('',#1783,10.);
#533=VECTOR('',#1784,10.);
#534=VECTOR('',#1787,10.);
#535=VECTOR('',#1790,10.);
#536=VECTOR('',#1793,10.);
#537=VECTOR('',#1796,10.);
#538=VECTOR('',#1799,10.);
#539=VECTOR('',#1800,10.);
#540=VECTOR('',#1803,10.);
#541=VECTOR('',#1804,10.);
#542=VECTOR('',#1807,10.);
#543=VECTOR('',#1808,10.);
#544=VECTOR('',#1811,10.);
#545=VECTOR('',#1812,10.);
#546=VECTOR('',#1815,10.);
#547=VECTOR('',#1818,10.);
#548=VECTOR('',#1821,10.);
#549=VECTOR('',#1824,10.);
#550=VECTOR('',#1829,2.3);
#551=VECTOR('',#1844,10.);
#552=VECTOR('',#1847,10.);
#553=VERTEX_POINT('',#1852);
#554=VERTEX_POINT('',#1853);
#555=VERTEX_POINT('',#1855);
#556=VERTEX_POINT('',#1857);
#557=VERTEX_POINT('',#1861);
#558=VERTEX_POINT('',#1862);
#559=VERTEX_POINT('',#1867);
#560=VERTEX_POINT('',#1868);
#561=VERTEX_POINT('',#1876);
#562=VERTEX_POINT('',#1878);
#563=VERTEX_POINT('',#1882);
#564=VERTEX_POINT('',#1886);
#565=VERTEX_POINT('',#1887);
#566=VERTEX_POINT('',#1889);
#567=VERTEX_POINT('',#1891);
#568=VERTEX_POINT('',#1895);
#569=VERTEX_POINT('',#1901);
#570=VERTEX_POINT('',#1902);
#571=VERTEX_POINT('',#1904);
#572=VERTEX_POINT('',#1906);
#573=VERTEX_POINT('',#1910);
#574=VERTEX_POINT('',#1912);
#575=VERTEX_POINT('',#1916);
#576=VERTEX_POINT('',#1918);
#577=VERTEX_POINT('',#1925);
#578=VERTEX_POINT('',#1926);
#579=VERTEX_POINT('',#1928);
#580=VERTEX_POINT('',#1930);
#581=VERTEX_POINT('',#1934);
#582=VERTEX_POINT('',#1936);
#583=VERTEX_POINT('',#1940);
#584=VERTEX_POINT('',#1942);
#585=VERTEX_POINT('',#1949);
#586=VERTEX_POINT('',#1950);
#587=VERTEX_POINT('',#1952);
#588=VERTEX_POINT('',#1954);
#589=VERTEX_POINT('',#1958);
#590=VERTEX_POINT('',#1960);
#591=VERTEX_POINT('',#1964);
#592=VERTEX_POINT('',#1966);
#593=VERTEX_POINT('',#1973);
#594=VERTEX_POINT('',#1974);
#595=VERTEX_POINT('',#1976);
#596=VERTEX_POINT('',#1978);
#597=VERTEX_POINT('',#1982);
#598=VERTEX_POINT('',#1984);
#599=VERTEX_POINT('',#1988);
#600=VERTEX_POINT('',#1990);
#601=VERTEX_POINT('',#1997);
#602=VERTEX_POINT('',#1999);
#603=VERTEX_POINT('',#2003);
#604=VERTEX_POINT('',#2007);
#605=VERTEX_POINT('',#2008);
#606=VERTEX_POINT('',#2010);
#607=VERTEX_POINT('',#2012);
#608=VERTEX_POINT('',#2016);
#609=VERTEX_POINT('',#2018);
#610=VERTEX_POINT('',#2022);
#611=VERTEX_POINT('',#2024);
#612=VERTEX_POINT('',#2027);
#613=VERTEX_POINT('',#2030);
#614=VERTEX_POINT('',#2032);
#615=VERTEX_POINT('',#2033);
#616=VERTEX_POINT('',#2035);
#617=VERTEX_POINT('',#2037);
#618=VERTEX_POINT('',#2039);
#619=VERTEX_POINT('',#2041);
#620=VERTEX_POINT('',#2043);
#621=VERTEX_POINT('',#2045);
#622=VERTEX_POINT('',#2047);
#623=VERTEX_POINT('',#2049);
#624=VERTEX_POINT('',#2051);
#625=VERTEX_POINT('',#2053);
#626=VERTEX_POINT('',#2055);
#627=VERTEX_POINT('',#2057);
#628=VERTEX_POINT('',#2060);
#629=VERTEX_POINT('',#2062);
#630=VERTEX_POINT('',#2064);
#631=VERTEX_POINT('',#2067);
#632=VERTEX_POINT('',#2071);
#633=VERTEX_POINT('',#2075);
#634=VERTEX_POINT('',#2079);
#635=VERTEX_POINT('',#2085);
#636=VERTEX_POINT('',#2087);
#637=VERTEX_POINT('',#2091);
#638=VERTEX_POINT('',#2092);
#639=VERTEX_POINT('',#2094);
#640=VERTEX_POINT('',#2096);
#641=VERTEX_POINT('',#2106);
#642=VERTEX_POINT('',#2108);
#643=VERTEX_POINT('',#2110);
#644=VERTEX_POINT('',#2112);
#645=VERTEX_POINT('',#2114);
#646=VERTEX_POINT('',#2116);
#647=VERTEX_POINT('',#2118);
#648=VERTEX_POINT('',#2120);
#649=VERTEX_POINT('',#2122);
#650=VERTEX_POINT('',#2124);
#651=VERTEX_POINT('',#2126);
#652=VERTEX_POINT('',#2128);
#653=VERTEX_POINT('',#2131);
#654=VERTEX_POINT('',#2134);
#655=VERTEX_POINT('',#2136);
#656=VERTEX_POINT('',#2141);
#657=VERTEX_POINT('',#2143);
#658=VERTEX_POINT('',#2153);
#659=VERTEX_POINT('',#2155);
#660=VERTEX_POINT('',#2159);
#661=VERTEX_POINT('',#2165);
#662=VERTEX_POINT('',#2169);
#663=VERTEX_POINT('',#2173);
#664=VERTEX_POINT('',#2209);
#665=EDGE_CURVE('',#553,#554,#265,.T.);
#666=EDGE_CURVE('',#554,#555,#266,.T.);
#667=EDGE_CURVE('',#555,#556,#267,.T.);
#668=EDGE_CURVE('',#556,#553,#268,.T.);
#669=EDGE_CURVE('',#557,#558,#269,.T.);
#670=EDGE_CURVE('',#558,#554,#52,.T.);
#671=EDGE_CURVE('',#553,#557,#53,.T.);
#672=EDGE_CURVE('',#559,#560,#270,.T.);
#673=EDGE_CURVE('',#560,#558,#271,.T.);
#674=EDGE_CURVE('',#557,#559,#272,.T.);
#675=EDGE_CURVE('',#555,#560,#54,.T.);
#676=EDGE_CURVE('',#559,#556,#55,.T.);
#677=EDGE_CURVE('',#553,#561,#273,.T.);
#678=EDGE_CURVE('',#562,#561,#56,.T.);
#679=EDGE_CURVE('',#557,#562,#274,.T.);
#680=EDGE_CURVE('',#556,#563,#275,.T.);
#681=EDGE_CURVE('',#561,#563,#276,.T.);
#682=EDGE_CURVE('',#564,#565,#277,.T.);
#683=EDGE_CURVE('',#566,#564,#278,.T.);
#684=EDGE_CURVE('',#567,#566,#279,.T.);
#685=EDGE_CURVE('',#565,#567,#280,.T.);
#686=EDGE_CURVE('',#568,#562,#281,.T.);
#687=EDGE_CURVE('',#559,#568,#282,.T.);
#688=EDGE_CURVE('',#563,#568,#57,.T.);
#689=EDGE_CURVE('',#569,#570,#283,.T.);
#690=EDGE_CURVE('',#569,#571,#284,.T.);
#691=EDGE_CURVE('',#572,#571,#285,.T.);
#692=EDGE_CURVE('',#570,#572,#286,.T.);
#693=EDGE_CURVE('',#573,#569,#287,.T.);
#694=EDGE_CURVE('',#573,#574,#288,.T.);
#695=EDGE_CURVE('',#571,#574,#289,.T.);
#696=EDGE_CURVE('',#575,#573,#290,.T.);
#697=EDGE_CURVE('',#575,#576,#291,.T.);
#698=EDGE_CURVE('',#574,#576,#292,.T.);
#699=EDGE_CURVE('',#570,#575,#293,.T.);
#700=EDGE_CURVE('',#576,#572,#294,.T.);
#701=EDGE_CURVE('',#577,#578,#295,.T.);
#702=EDGE_CURVE('',#577,#579,#296,.T.);
#703=EDGE_CURVE('',#580,#579,#297,.T.);
#704=EDGE_CURVE('',#578,#580,#298,.T.);
#705=EDGE_CURVE('',#581,#577,#299,.T.);
#706=EDGE_CURVE('',#581,#582,#300,.T.);
#707=EDGE_CURVE('',#579,#582,#301,.T.);
#708=EDGE_CURVE('',#583,#581,#302,.T.);
#709=EDGE_CURVE('',#583,#584,#303,.T.);
#710=EDGE_CURVE('',#582,#584,#304,.T.);
#711=EDGE_CURVE('',#578,#583,#305,.T.);
#712=EDGE_CURVE('',#584,#580,#306,.T.);
#713=EDGE_CURVE('',#585,#586,#307,.T.);
#714=EDGE_CURVE('',#585,#587,#308,.T.);
#715=EDGE_CURVE('',#588,#587,#309,.T.);
#716=EDGE_CURVE('',#586,#588,#310,.T.);
#717=EDGE_CURVE('',#589,#585,#311,.T.);
#718=EDGE_CURVE('',#589,#590,#312,.T.);
#719=EDGE_CURVE('',#587,#590,#313,.T.);
#720=EDGE_CURVE('',#591,#589,#314,.T.);
#721=EDGE_CURVE('',#591,#592,#315,.T.);
#722=EDGE_CURVE('',#590,#592,#316,.T.);
#723=EDGE_CURVE('',#586,#591,#317,.T.);
#724=EDGE_CURVE('',#592,#588,#318,.T.);
#725=EDGE_CURVE('',#593,#594,#319,.T.);
#726=EDGE_CURVE('',#594,#595,#320,.T.);
#727=EDGE_CURVE('',#595,#596,#321,.T.);
#728=EDGE_CURVE('',#593,#596,#322,.T.);
#729=EDGE_CURVE('',#594,#597,#323,.T.);
#730=EDGE_CURVE('',#597,#598,#324,.T.);
#731=EDGE_CURVE('',#598,#595,#325,.T.);
#732=EDGE_CURVE('',#596,#599,#326,.T.);
#733=EDGE_CURVE('',#599,#600,#327,.T.);
#734=EDGE_CURVE('',#600,#593,#328,.T.);
#735=EDGE_CURVE('',#597,#600,#329,.T.);
#736=EDGE_CURVE('',#599,#598,#330,.T.);
#737=EDGE_CURVE('',#596,#601,#331,.T.);
#738=EDGE_CURVE('',#602,#601,#332,.T.);
#739=EDGE_CURVE('',#599,#602,#333,.T.);
#740=EDGE_CURVE('',#595,#603,#334,.T.);
#741=EDGE_CURVE('',#601,#603,#335,.T.);
#742=EDGE_CURVE('',#604,#605,#336,.T.);
#743=EDGE_CURVE('',#606,#604,#337,.T.);
#744=EDGE_CURVE('',#607,#606,#338,.T.);
#745=EDGE_CURVE('',#605,#607,#339,.T.);
#746=EDGE_CURVE('',#608,#604,#58,.T.);
#747=EDGE_CURVE('',#605,#609,#59,.T.);
#748=EDGE_CURVE('',#609,#608,#340,.T.);
#749=EDGE_CURVE('',#610,#607,#60,.T.);
#750=EDGE_CURVE('',#610,#611,#341,.T.);
#751=EDGE_CURVE('',#565,#611,#61,.T.);
#752=EDGE_CURVE('',#612,#567,#62,.T.);
#753=EDGE_CURVE('',#612,#609,#342,.T.);
#754=EDGE_CURVE('',#613,#613,#63,.T.);
#755=EDGE_CURVE('',#614,#615,#343,.T.);
#756=EDGE_CURVE('',#615,#616,#344,.T.);
#757=EDGE_CURVE('',#616,#617,#345,.T.);
#758=EDGE_CURVE('',#617,#618,#346,.T.);
#759=EDGE_CURVE('',#618,#619,#347,.T.);
#760=EDGE_CURVE('',#619,#620,#64,.T.);
#761=EDGE_CURVE('',#620,#621,#348,.T.);
#762=EDGE_CURVE('',#621,#622,#65,.T.);
#763=EDGE_CURVE('',#622,#623,#349,.T.);
#764=EDGE_CURVE('',#623,#624,#350,.T.);
#765=EDGE_CURVE('',#624,#625,#351,.T.);
#766=EDGE_CURVE('',#625,#626,#352,.T.);
#767=EDGE_CURVE('',#626,#627,#353,.T.);
#768=EDGE_CURVE('',#627,#614,#354,.T.);
#769=EDGE_CURVE('',#628,#628,#66,.T.);
#770=EDGE_CURVE('',#629,#629,#67,.T.);
#771=EDGE_CURVE('',#630,#630,#68,.T.);
#772=EDGE_CURVE('',#606,#631,#69,.T.);
#773=EDGE_CURVE('',#631,#610,#355,.T.);
#774=EDGE_CURVE('',#632,#564,#70,.T.);
#775=EDGE_CURVE('',#611,#632,#356,.T.);
#776=EDGE_CURVE('',#566,#633,#71,.T.);
#777=EDGE_CURVE('',#633,#612,#357,.T.);
#778=EDGE_CURVE('',#598,#634,#358,.T.);
#779=EDGE_CURVE('',#603,#634,#359,.T.);
#780=EDGE_CURVE('',#634,#602,#360,.T.);
#781=EDGE_CURVE('',#635,#635,#72,.T.);
#782=EDGE_CURVE('',#635,#636,#361,.T.);
#783=EDGE_CURVE('',#636,#636,#73,.T.);
#784=EDGE_CURVE('',#637,#638,#362,.T.);
#785=EDGE_CURVE('',#637,#639,#363,.T.);
#786=EDGE_CURVE('',#640,#639,#364,.T.);
#787=EDGE_CURVE('',#638,#640,#365,.T.);
#788=EDGE_CURVE('',#638,#637,#74,.T.);
#789=EDGE_CURVE('',#639,#640,#75,.T.);
#790=EDGE_CURVE('',#638,#637,#76,.T.);
#791=EDGE_CURVE('',#637,#641,#366,.T.);
#792=EDGE_CURVE('',#641,#642,#367,.T.);
#793=EDGE_CURVE('',#642,#643,#368,.T.);
#794=EDGE_CURVE('',#643,#644,#369,.T.);
#795=EDGE_CURVE('',#644,#645,#370,.T.);
#796=EDGE_CURVE('',#645,#646,#371,.T.);
#797=EDGE_CURVE('',#646,#647,#372,.T.);
#798=EDGE_CURVE('',#647,#648,#373,.T.);
#799=EDGE_CURVE('',#648,#649,#374,.T.);
#800=EDGE_CURVE('',#649,#650,#375,.T.);
#801=EDGE_CURVE('',#650,#651,#376,.T.);
#802=EDGE_CURVE('',#651,#652,#77,.T.);
#803=EDGE_CURVE('',#652,#638,#377,.T.);
#804=EDGE_CURVE('',#653,#653,#78,.T.);
#805=EDGE_CURVE('',#654,#654,#79,.T.);
#806=EDGE_CURVE('',#654,#655,#378,.T.);
#807=EDGE_CURVE('',#655,#655,#80,.T.);
#808=EDGE_CURVE('',#652,#651,#379,.T.);
#809=EDGE_CURVE('',#652,#656,#380,.T.);
#810=EDGE_CURVE('',#657,#656,#381,.T.);
#811=EDGE_CURVE('',#651,#657,#382,.T.);
#812=EDGE_CURVE('',#656,#657,#81,.T.);
#813=EDGE_CURVE('',#651,#652,#82,.T.);
#814=EDGE_CURVE('',#658,#658,#83,.T.);
#815=EDGE_CURVE('',#658,#659,#383,.T.);
#816=EDGE_CURVE('',#659,#659,#84,.T.);
#817=EDGE_CURVE('',#660,#660,#85,.T.);
#818=EDGE_CURVE('',#660,#653,#384,.T.);
#819=EDGE_CURVE('',#630,#661,#385,.T.);
#820=EDGE_CURVE('',#661,#661,#86,.T.);
#821=EDGE_CURVE('',#629,#662,#386,.T.);
#822=EDGE_CURVE('',#662,#662,#87,.T.);
#823=EDGE_CURVE('',#628,#663,#387,.T.);
#824=EDGE_CURVE('',#663,#663,#88,.T.);
#825=EDGE_CURVE('',#645,#614,#388,.T.);
#826=EDGE_CURVE('',#646,#627,#389,.T.);
#827=EDGE_CURVE('',#647,#626,#390,.T.);
#828=EDGE_CURVE('',#648,#625,#391,.T.);
#829=EDGE_CURVE('',#649,#624,#392,.T.);
#830=EDGE_CURVE('',#650,#623,#393,.T.);
#831=EDGE_CURVE('',#657,#622,#394,.T.);
#832=EDGE_CURVE('',#651,#657,#395,.T.);
#833=EDGE_CURVE('',#656,#621,#396,.T.);
#834=EDGE_CURVE('',#652,#656,#397,.T.);
#835=EDGE_CURVE('',#640,#620,#398,.T.);
#836=EDGE_CURVE('',#638,#640,#399,.T.);
#837=EDGE_CURVE('',#639,#619,#400,.T.);
#838=EDGE_CURVE('',#637,#639,#401,.T.);
#839=EDGE_CURVE('',#641,#618,#402,.T.);
#840=EDGE_CURVE('',#642,#617,#403,.T.);
#841=EDGE_CURVE('',#643,#616,#404,.T.);
#842=EDGE_CURVE('',#644,#615,#405,.T.);
#843=EDGE_CURVE('',#613,#664,#406,.T.);
#844=EDGE_CURVE('',#664,#664,#89,.T.);
#845=EDGE_CURVE('',#632,#631,#407,.T.);
#846=EDGE_CURVE('',#608,#633,#408,.T.);
#847=ORIENTED_EDGE('',*,*,#665,.T.);
#848=ORIENTED_EDGE('',*,*,#666,.T.);
#849=ORIENTED_EDGE('',*,*,#667,.T.);
#850=ORIENTED_EDGE('',*,*,#668,.T.);
#851=ORIENTED_EDGE('',*,*,#669,.T.);
#852=ORIENTED_EDGE('',*,*,#670,.T.);
#853=ORIENTED_EDGE('',*,*,#665,.F.);
#854=ORIENTED_EDGE('',*,*,#671,.T.);
#855=ORIENTED_EDGE('',*,*,#672,.T.);
#856=ORIENTED_EDGE('',*,*,#673,.T.);
#857=ORIENTED_EDGE('',*,*,#669,.F.);
#858=ORIENTED_EDGE('',*,*,#674,.T.);
#859=ORIENTED_EDGE('',*,*,#667,.F.);
#860=ORIENTED_EDGE('',*,*,#675,.T.);
#861=ORIENTED_EDGE('',*,*,#672,.F.);
#862=ORIENTED_EDGE('',*,*,#676,.T.);
#863=ORIENTED_EDGE('',*,*,#671,.F.);
#864=ORIENTED_EDGE('',*,*,#677,.T.);
#865=ORIENTED_EDGE('',*,*,#678,.F.);
#866=ORIENTED_EDGE('',*,*,#679,.F.);
#867=ORIENTED_EDGE('',*,*,#668,.F.);
#868=ORIENTED_EDGE('',*,*,#680,.T.);
#869=ORIENTED_EDGE('',*,*,#681,.F.);
#870=ORIENTED_EDGE('',*,*,#677,.F.);
#871=ORIENTED_EDGE('',*,*,#682,.F.);
#872=ORIENTED_EDGE('',*,*,#683,.F.);
#873=ORIENTED_EDGE('',*,*,#684,.F.);
#874=ORIENTED_EDGE('',*,*,#685,.F.);
#875=ORIENTED_EDGE('',*,*,#666,.F.);
#876=ORIENTED_EDGE('',*,*,#670,.F.);
#877=ORIENTED_EDGE('',*,*,#673,.F.);
#878=ORIENTED_EDGE('',*,*,#675,.F.);
#879=ORIENTED_EDGE('',*,*,#674,.F.);
#880=ORIENTED_EDGE('',*,*,#679,.T.);
#881=ORIENTED_EDGE('',*,*,#686,.F.);
#882=ORIENTED_EDGE('',*,*,#687,.F.);
#883=ORIENTED_EDGE('',*,*,#676,.F.);
#884=ORIENTED_EDGE('',*,*,#687,.T.);
#885=ORIENTED_EDGE('',*,*,#688,.F.);
#886=ORIENTED_EDGE('',*,*,#680,.F.);
#887=ORIENTED_EDGE('',*,*,#689,.F.);
#888=ORIENTED_EDGE('',*,*,#690,.T.);
#889=ORIENTED_EDGE('',*,*,#691,.F.);
#890=ORIENTED_EDGE('',*,*,#692,.F.);
#891=ORIENTED_EDGE('',*,*,#693,.F.);
#892=ORIENTED_EDGE('',*,*,#694,.T.);
#893=ORIENTED_EDGE('',*,*,#695,.F.);
#894=ORIENTED_EDGE('',*,*,#690,.F.);
#895=ORIENTED_EDGE('',*,*,#696,.F.);
#896=ORIENTED_EDGE('',*,*,#697,.T.);
#897=ORIENTED_EDGE('',*,*,#698,.F.);
#898=ORIENTED_EDGE('',*,*,#694,.F.);
#899=ORIENTED_EDGE('',*,*,#699,.F.);
#900=ORIENTED_EDGE('',*,*,#692,.T.);
#901=ORIENTED_EDGE('',*,*,#700,.F.);
#902=ORIENTED_EDGE('',*,*,#697,.F.);
#903=ORIENTED_EDGE('',*,*,#701,.F.);
#904=ORIENTED_EDGE('',*,*,#702,.T.);
#905=ORIENTED_EDGE('',*,*,#703,.F.);
#906=ORIENTED_EDGE('',*,*,#704,.F.);
#907=ORIENTED_EDGE('',*,*,#705,.F.);
#908=ORIENTED_EDGE('',*,*,#706,.T.);
#909=ORIENTED_EDGE('',*,*,#707,.F.);
#910=ORIENTED_EDGE('',*,*,#702,.F.);
#911=ORIENTED_EDGE('',*,*,#708,.F.);
#912=ORIENTED_EDGE('',*,*,#709,.T.);
#913=ORIENTED_EDGE('',*,*,#710,.F.);
#914=ORIENTED_EDGE('',*,*,#706,.F.);
#915=ORIENTED_EDGE('',*,*,#711,.F.);
#916=ORIENTED_EDGE('',*,*,#704,.T.);
#917=ORIENTED_EDGE('',*,*,#712,.F.);
#918=ORIENTED_EDGE('',*,*,#709,.F.);
#919=ORIENTED_EDGE('',*,*,#713,.F.);
#920=ORIENTED_EDGE('',*,*,#714,.T.);
#921=ORIENTED_EDGE('',*,*,#715,.F.);
#922=ORIENTED_EDGE('',*,*,#716,.F.);
#923=ORIENTED_EDGE('',*,*,#717,.F.);
#924=ORIENTED_EDGE('',*,*,#718,.T.);
#925=ORIENTED_EDGE('',*,*,#719,.F.);
#926=ORIENTED_EDGE('',*,*,#714,.F.);
#927=ORIENTED_EDGE('',*,*,#720,.F.);
#928=ORIENTED_EDGE('',*,*,#721,.T.);
#929=ORIENTED_EDGE('',*,*,#722,.F.);
#930=ORIENTED_EDGE('',*,*,#718,.F.);
#931=ORIENTED_EDGE('',*,*,#723,.F.);
#932=ORIENTED_EDGE('',*,*,#716,.T.);
#933=ORIENTED_EDGE('',*,*,#724,.F.);
#934=ORIENTED_EDGE('',*,*,#721,.F.);
#935=ORIENTED_EDGE('',*,*,#725,.T.);
#936=ORIENTED_EDGE('',*,*,#726,.T.);
#937=ORIENTED_EDGE('',*,*,#727,.T.);
#938=ORIENTED_EDGE('',*,*,#728,.F.);
#939=ORIENTED_EDGE('',*,*,#729,.T.);
#940=ORIENTED_EDGE('',*,*,#730,.T.);
#941=ORIENTED_EDGE('',*,*,#731,.T.);
#942=ORIENTED_EDGE('',*,*,#726,.F.);
#943=ORIENTED_EDGE('',*,*,#732,.T.);
#944=ORIENTED_EDGE('',*,*,#733,.T.);
#945=ORIENTED_EDGE('',*,*,#734,.T.);
#946=ORIENTED_EDGE('',*,*,#728,.T.);
#947=ORIENTED_EDGE('',*,*,#735,.T.);
#948=ORIENTED_EDGE('',*,*,#733,.F.);
#949=ORIENTED_EDGE('',*,*,#736,.T.);
#950=ORIENTED_EDGE('',*,*,#730,.F.);
#951=ORIENTED_EDGE('',*,*,#732,.F.);
#952=ORIENTED_EDGE('',*,*,#737,.T.);
#953=ORIENTED_EDGE('',*,*,#738,.F.);
#954=ORIENTED_EDGE('',*,*,#739,.F.);
#955=ORIENTED_EDGE('',*,*,#727,.F.);
#956=ORIENTED_EDGE('',*,*,#740,.T.);
#957=ORIENTED_EDGE('',*,*,#741,.F.);
#958=ORIENTED_EDGE('',*,*,#737,.F.);
#959=ORIENTED_EDGE('',*,*,#742,.F.);
#960=ORIENTED_EDGE('',*,*,#743,.F.);
#961=ORIENTED_EDGE('',*,*,#744,.F.);
#962=ORIENTED_EDGE('',*,*,#745,.F.);
#963=ORIENTED_EDGE('',*,*,#725,.F.);
#964=ORIENTED_EDGE('',*,*,#734,.F.);
#965=ORIENTED_EDGE('',*,*,#735,.F.);
#966=ORIENTED_EDGE('',*,*,#729,.F.);
#967=ORIENTED_EDGE('',*,*,#746,.T.);
#968=ORIENTED_EDGE('',*,*,#742,.T.);
#969=ORIENTED_EDGE('',*,*,#747,.T.);
#970=ORIENTED_EDGE('',*,*,#748,.T.);
#971=ORIENTED_EDGE('',*,*,#747,.F.);
#972=ORIENTED_EDGE('',*,*,#745,.T.);
#973=ORIENTED_EDGE('',*,*,#749,.F.);
#974=ORIENTED_EDGE('',*,*,#750,.T.);
#975=ORIENTED_EDGE('',*,*,#751,.F.);
#976=ORIENTED_EDGE('',*,*,#685,.T.);
#977=ORIENTED_EDGE('',*,*,#752,.F.);
#978=ORIENTED_EDGE('',*,*,#753,.T.);
#979=ORIENTED_EDGE('',*,*,#754,.T.);
#980=ORIENTED_EDGE('',*,*,#755,.T.);
#981=ORIENTED_EDGE('',*,*,#756,.T.);
#982=ORIENTED_EDGE('',*,*,#757,.T.);
#983=ORIENTED_EDGE('',*,*,#758,.T.);
#984=ORIENTED_EDGE('',*,*,#759,.T.);
#985=ORIENTED_EDGE('',*,*,#760,.T.);
#986=ORIENTED_EDGE('',*,*,#761,.T.);
#987=ORIENTED_EDGE('',*,*,#762,.T.);
#988=ORIENTED_EDGE('',*,*,#763,.T.);
#989=ORIENTED_EDGE('',*,*,#764,.T.);
#990=ORIENTED_EDGE('',*,*,#765,.T.);
#991=ORIENTED_EDGE('',*,*,#766,.T.);
#992=ORIENTED_EDGE('',*,*,#767,.T.);
#993=ORIENTED_EDGE('',*,*,#768,.T.);
#994=ORIENTED_EDGE('',*,*,#769,.T.);
#995=ORIENTED_EDGE('',*,*,#770,.T.);
#996=ORIENTED_EDGE('',*,*,#771,.T.);
#997=ORIENTED_EDGE('',*,*,#749,.T.);
#998=ORIENTED_EDGE('',*,*,#744,.T.);
#999=ORIENTED_EDGE('',*,*,#772,.T.);
#1000=ORIENTED_EDGE('',*,*,#773,.T.);
#1001=ORIENTED_EDGE('',*,*,#774,.T.);
#1002=ORIENTED_EDGE('',*,*,#682,.T.);
#1003=ORIENTED_EDGE('',*,*,#751,.T.);
#1004=ORIENTED_EDGE('',*,*,#775,.T.);
#1005=ORIENTED_EDGE('',*,*,#776,.T.);
#1006=ORIENTED_EDGE('',*,*,#777,.T.);
#1007=ORIENTED_EDGE('',*,*,#752,.T.);
#1008=ORIENTED_EDGE('',*,*,#684,.T.);
#1009=ORIENTED_EDGE('',*,*,#731,.F.);
#1010=ORIENTED_EDGE('',*,*,#778,.T.);
#1011=ORIENTED_EDGE('',*,*,#779,.F.);
#1012=ORIENTED_EDGE('',*,*,#740,.F.);
#1013=ORIENTED_EDGE('',*,*,#736,.F.);
#1014=ORIENTED_EDGE('',*,*,#739,.T.);
#1015=ORIENTED_EDGE('',*,*,#780,.F.);
#1016=ORIENTED_EDGE('',*,*,#778,.F.);
#1017=ORIENTED_EDGE('',*,*,#781,.F.);
#1018=ORIENTED_EDGE('',*,*,#782,.T.);
#1019=ORIENTED_EDGE('',*,*,#783,.F.);
#1020=ORIENTED_EDGE('',*,*,#782,.F.);
#1021=ORIENTED_EDGE('',*,*,#784,.F.);
#1022=ORIENTED_EDGE('',*,*,#785,.T.);
#1023=ORIENTED_EDGE('',*,*,#786,.F.);
#1024=ORIENTED_EDGE('',*,*,#787,.F.);
#1025=ORIENTED_EDGE('',*,*,#788,.F.);
#1026=ORIENTED_EDGE('',*,*,#787,.T.);
#1027=ORIENTED_EDGE('',*,*,#789,.F.);
#1028=ORIENTED_EDGE('',*,*,#785,.F.);
#1029=ORIENTED_EDGE('',*,*,#789,.T.);
#1030=ORIENTED_EDGE('',*,*,#786,.T.);
#1031=ORIENTED_EDGE('',*,*,#781,.T.);
#1032=ORIENTED_EDGE('',*,*,#784,.T.);
#1033=ORIENTED_EDGE('',*,*,#790,.T.);
#1034=ORIENTED_EDGE('',*,*,#788,.T.);
#1035=ORIENTED_EDGE('',*,*,#791,.T.);
#1036=ORIENTED_EDGE('',*,*,#792,.T.);
#1037=ORIENTED_EDGE('',*,*,#793,.T.);
#1038=ORIENTED_EDGE('',*,*,#794,.T.);
#1039=ORIENTED_EDGE('',*,*,#795,.T.);
#1040=ORIENTED_EDGE('',*,*,#796,.T.);
#1041=ORIENTED_EDGE('',*,*,#797,.T.);
#1042=ORIENTED_EDGE('',*,*,#798,.T.);
#1043=ORIENTED_EDGE('',*,*,#799,.T.);
#1044=ORIENTED_EDGE('',*,*,#800,.T.);
#1045=ORIENTED_EDGE('',*,*,#801,.T.);
#1046=ORIENTED_EDGE('',*,*,#802,.T.);
#1047=ORIENTED_EDGE('',*,*,#803,.T.);
#1048=ORIENTED_EDGE('',*,*,#804,.T.);
#1049=ORIENTED_EDGE('',*,*,#805,.F.);
#1050=ORIENTED_EDGE('',*,*,#806,.T.);
#1051=ORIENTED_EDGE('',*,*,#807,.F.);
#1052=ORIENTED_EDGE('',*,*,#806,.F.);
#1053=ORIENTED_EDGE('',*,*,#808,.F.);
#1054=ORIENTED_EDGE('',*,*,#809,.T.);
#1055=ORIENTED_EDGE('',*,*,#810,.F.);
#1056=ORIENTED_EDGE('',*,*,#811,.F.);
#1057=ORIENTED_EDGE('',*,*,#802,.F.);
#1058=ORIENTED_EDGE('',*,*,#811,.T.);
#1059=ORIENTED_EDGE('',*,*,#812,.F.);
#1060=ORIENTED_EDGE('',*,*,#809,.F.);
#1061=ORIENTED_EDGE('',*,*,#812,.T.);
#1062=ORIENTED_EDGE('',*,*,#810,.T.);
#1063=ORIENTED_EDGE('',*,*,#805,.T.);
#1064=ORIENTED_EDGE('',*,*,#808,.T.);
#1065=ORIENTED_EDGE('',*,*,#813,.T.);
#1066=ORIENTED_EDGE('',*,*,#783,.T.);
#1067=ORIENTED_EDGE('',*,*,#814,.F.);
#1068=ORIENTED_EDGE('',*,*,#815,.T.);
#1069=ORIENTED_EDGE('',*,*,#816,.F.);
#1070=ORIENTED_EDGE('',*,*,#815,.F.);
#1071=ORIENTED_EDGE('',*,*,#817,.F.);
#1072=ORIENTED_EDGE('',*,*,#818,.T.);
#1073=ORIENTED_EDGE('',*,*,#804,.F.);
#1074=ORIENTED_EDGE('',*,*,#818,.F.);
#1075=ORIENTED_EDGE('',*,*,#817,.T.);
#1076=ORIENTED_EDGE('',*,*,#814,.T.);
#1077=ORIENTED_EDGE('',*,*,#807,.T.);
#1078=ORIENTED_EDGE('',*,*,#771,.F.);
#1079=ORIENTED_EDGE('',*,*,#819,.T.);
#1080=ORIENTED_EDGE('',*,*,#820,.F.);
#1081=ORIENTED_EDGE('',*,*,#819,.F.);
#1082=ORIENTED_EDGE('',*,*,#770,.F.);
#1083=ORIENTED_EDGE('',*,*,#821,.T.);
#1084=ORIENTED_EDGE('',*,*,#822,.F.);
#1085=ORIENTED_EDGE('',*,*,#821,.F.);
#1086=ORIENTED_EDGE('',*,*,#769,.F.);
#1087=ORIENTED_EDGE('',*,*,#823,.T.);
#1088=ORIENTED_EDGE('',*,*,#824,.F.);
#1089=ORIENTED_EDGE('',*,*,#823,.F.);
#1090=ORIENTED_EDGE('',*,*,#796,.F.);
#1091=ORIENTED_EDGE('',*,*,#825,.T.);
#1092=ORIENTED_EDGE('',*,*,#768,.F.);
#1093=ORIENTED_EDGE('',*,*,#826,.F.);
#1094=ORIENTED_EDGE('',*,*,#797,.F.);
#1095=ORIENTED_EDGE('',*,*,#826,.T.);
#1096=ORIENTED_EDGE('',*,*,#767,.F.);
#1097=ORIENTED_EDGE('',*,*,#827,.F.);
#1098=ORIENTED_EDGE('',*,*,#798,.F.);
#1099=ORIENTED_EDGE('',*,*,#827,.T.);
#1100=ORIENTED_EDGE('',*,*,#766,.F.);
#1101=ORIENTED_EDGE('',*,*,#828,.F.);
#1102=ORIENTED_EDGE('',*,*,#799,.F.);
#1103=ORIENTED_EDGE('',*,*,#828,.T.);
#1104=ORIENTED_EDGE('',*,*,#765,.F.);
#1105=ORIENTED_EDGE('',*,*,#829,.F.);
#1106=ORIENTED_EDGE('',*,*,#800,.F.);
#1107=ORIENTED_EDGE('',*,*,#829,.T.);
#1108=ORIENTED_EDGE('',*,*,#764,.F.);
#1109=ORIENTED_EDGE('',*,*,#830,.F.);
#1110=ORIENTED_EDGE('',*,*,#801,.F.);
#1111=ORIENTED_EDGE('',*,*,#830,.T.);
#1112=ORIENTED_EDGE('',*,*,#763,.F.);
#1113=ORIENTED_EDGE('',*,*,#831,.F.);
#1114=ORIENTED_EDGE('',*,*,#832,.F.);
#1115=ORIENTED_EDGE('',*,*,#813,.F.);
#1116=ORIENTED_EDGE('',*,*,#832,.T.);
#1117=ORIENTED_EDGE('',*,*,#831,.T.);
#1118=ORIENTED_EDGE('',*,*,#762,.F.);
#1119=ORIENTED_EDGE('',*,*,#833,.F.);
#1120=ORIENTED_EDGE('',*,*,#834,.F.);
#1121=ORIENTED_EDGE('',*,*,#803,.F.);
#1122=ORIENTED_EDGE('',*,*,#834,.T.);
#1123=ORIENTED_EDGE('',*,*,#833,.T.);
#1124=ORIENTED_EDGE('',*,*,#761,.F.);
#1125=ORIENTED_EDGE('',*,*,#835,.F.);
#1126=ORIENTED_EDGE('',*,*,#836,.F.);
#1127=ORIENTED_EDGE('',*,*,#686,.T.);
#1128=ORIENTED_EDGE('',*,*,#678,.T.);
#1129=ORIENTED_EDGE('',*,*,#681,.T.);
#1130=ORIENTED_EDGE('',*,*,#688,.T.);
#1131=ORIENTED_EDGE('',*,*,#790,.F.);
#1132=ORIENTED_EDGE('',*,*,#836,.T.);
#1133=ORIENTED_EDGE('',*,*,#835,.T.);
#1134=ORIENTED_EDGE('',*,*,#760,.F.);
#1135=ORIENTED_EDGE('',*,*,#837,.F.);
#1136=ORIENTED_EDGE('',*,*,#838,.F.);
#1137=ORIENTED_EDGE('',*,*,#791,.F.);
#1138=ORIENTED_EDGE('',*,*,#838,.T.);
#1139=ORIENTED_EDGE('',*,*,#837,.T.);
#1140=ORIENTED_EDGE('',*,*,#759,.F.);
#1141=ORIENTED_EDGE('',*,*,#839,.F.);
#1142=ORIENTED_EDGE('',*,*,#792,.F.);
#1143=ORIENTED_EDGE('',*,*,#839,.T.);
#1144=ORIENTED_EDGE('',*,*,#758,.F.);
#1145=ORIENTED_EDGE('',*,*,#840,.F.);
#1146=ORIENTED_EDGE('',*,*,#691,.T.);
#1147=ORIENTED_EDGE('',*,*,#695,.T.);
#1148=ORIENTED_EDGE('',*,*,#698,.T.);
#1149=ORIENTED_EDGE('',*,*,#700,.T.);
#1150=ORIENTED_EDGE('',*,*,#703,.T.);
#1151=ORIENTED_EDGE('',*,*,#707,.T.);
#1152=ORIENTED_EDGE('',*,*,#710,.T.);
#1153=ORIENTED_EDGE('',*,*,#712,.T.);
#1154=ORIENTED_EDGE('',*,*,#715,.T.);
#1155=ORIENTED_EDGE('',*,*,#719,.T.);
#1156=ORIENTED_EDGE('',*,*,#722,.T.);
#1157=ORIENTED_EDGE('',*,*,#724,.T.);
#1158=ORIENTED_EDGE('',*,*,#793,.F.);
#1159=ORIENTED_EDGE('',*,*,#840,.T.);
#1160=ORIENTED_EDGE('',*,*,#757,.F.);
#1161=ORIENTED_EDGE('',*,*,#841,.F.);
#1162=ORIENTED_EDGE('',*,*,#794,.F.);
#1163=ORIENTED_EDGE('',*,*,#841,.T.);
#1164=ORIENTED_EDGE('',*,*,#756,.F.);
#1165=ORIENTED_EDGE('',*,*,#842,.F.);
#1166=ORIENTED_EDGE('',*,*,#795,.F.);
#1167=ORIENTED_EDGE('',*,*,#842,.T.);
#1168=ORIENTED_EDGE('',*,*,#755,.F.);
#1169=ORIENTED_EDGE('',*,*,#825,.F.);
#1170=ORIENTED_EDGE('',*,*,#738,.T.);
#1171=ORIENTED_EDGE('',*,*,#741,.T.);
#1172=ORIENTED_EDGE('',*,*,#779,.T.);
#1173=ORIENTED_EDGE('',*,*,#780,.T.);
#1174=ORIENTED_EDGE('',*,*,#754,.F.);
#1175=ORIENTED_EDGE('',*,*,#843,.T.);
#1176=ORIENTED_EDGE('',*,*,#844,.F.);
#1177=ORIENTED_EDGE('',*,*,#843,.F.);
#1178=ORIENTED_EDGE('',*,*,#844,.T.);
#1179=ORIENTED_EDGE('',*,*,#816,.T.);
#1180=ORIENTED_EDGE('',*,*,#824,.T.);
#1181=ORIENTED_EDGE('',*,*,#822,.T.);
#1182=ORIENTED_EDGE('',*,*,#820,.T.);
#1183=ORIENTED_EDGE('',*,*,#773,.F.);
#1184=ORIENTED_EDGE('',*,*,#845,.F.);
#1185=ORIENTED_EDGE('',*,*,#775,.F.);
#1186=ORIENTED_EDGE('',*,*,#750,.F.);
#1187=ORIENTED_EDGE('',*,*,#748,.F.);
#1188=ORIENTED_EDGE('',*,*,#753,.F.);
#1189=ORIENTED_EDGE('',*,*,#777,.F.);
#1190=ORIENTED_EDGE('',*,*,#846,.F.);
#1191=ORIENTED_EDGE('',*,*,#689,.T.);
#1192=ORIENTED_EDGE('',*,*,#699,.T.);
#1193=ORIENTED_EDGE('',*,*,#696,.T.);
#1194=ORIENTED_EDGE('',*,*,#693,.T.);
#1195=ORIENTED_EDGE('',*,*,#701,.T.);
#1196=ORIENTED_EDGE('',*,*,#711,.T.);
#1197=ORIENTED_EDGE('',*,*,#708,.T.);
#1198=ORIENTED_EDGE('',*,*,#705,.T.);
#1199=ORIENTED_EDGE('',*,*,#713,.T.);
#1200=ORIENTED_EDGE('',*,*,#723,.T.);
#1201=ORIENTED_EDGE('',*,*,#720,.T.);
#1202=ORIENTED_EDGE('',*,*,#717,.T.);
#1203=ORIENTED_EDGE('',*,*,#746,.F.);
#1204=ORIENTED_EDGE('',*,*,#846,.T.);
#1205=ORIENTED_EDGE('',*,*,#776,.F.);
#1206=ORIENTED_EDGE('',*,*,#683,.T.);
#1207=ORIENTED_EDGE('',*,*,#774,.F.);
#1208=ORIENTED_EDGE('',*,*,#845,.T.);
#1209=ORIENTED_EDGE('',*,*,#772,.F.);
#1210=ORIENTED_EDGE('',*,*,#743,.T.);
#1211=PLANE('',#1359);
#1212=PLANE('',#1363);
#1213=PLANE('',#1369);
#1214=PLANE('',#1370);
#1215=PLANE('',#1371);
#1216=PLANE('',#1374);
#1217=PLANE('',#1375);
#1218=PLANE('',#1376);
#1219=PLANE('',#1377);
#1220=PLANE('',#1378);
#1221=PLANE('',#1379);
#1222=PLANE('',#1380);
#1223=PLANE('',#1381);
#1224=PLANE('',#1382);
#1225=PLANE('',#1383);
#1226=PLANE('',#1384);
#1227=PLANE('',#1385);
#1228=PLANE('',#1386);
#1229=PLANE('',#1387);
#1230=PLANE('',#1388);
#1231=PLANE('',#1389);
#1232=PLANE('',#1390);
#1233=PLANE('',#1391);
#1234=PLANE('',#1392);
#1235=PLANE('',#1396);
#1236=PLANE('',#1412);
#1237=PLANE('',#1413);
#1238=PLANE('',#1417);
#1239=PLANE('',#1421);
#1240=PLANE('',#1422);
#1241=PLANE('',#1424);
#1242=PLANE('',#1430);
#1243=PLANE('',#1433);
#1244=PLANE('',#1434);
#1245=PLANE('',#1436);
#1246=PLANE('',#1442);
#1247=PLANE('',#1443);
#1248=PLANE('',#1450);
#1249=PLANE('',#1451);
#1250=PLANE('',#1452);
#1251=PLANE('',#1453);
#1252=PLANE('',#1454);
#1253=PLANE('',#1455);
#1254=PLANE('',#1457);
#1255=PLANE('',#1459);
#1256=PLANE('',#1460);
#1257=PLANE('',#1461);
#1258=PLANE('',#1462);
#1259=PLANE('',#1463);
#1260=PLANE('',#1466);
#1261=PLANE('',#1467);
#1262=PLANE('',#1468);
#1263=PLANE('',#1469);
#1264=PLANE('',#1470);
#1265=PLANE('',#1471);
#1266=PLANE('',#1472);
#1267=PLANE('',#1473);
#1268=ADVANCED_FACE('',(#92),#1211,.T.);
#1269=ADVANCED_FACE('',(#93),#90,.F.);
#1270=ADVANCED_FACE('',(#94),#1212,.T.);
#1271=ADVANCED_FACE('',(#95),#91,.F.);
#1272=ADVANCED_FACE('',(#96),#34,.F.);
#1273=ADVANCED_FACE('',(#97),#1213,.F.);
#1274=ADVANCED_FACE('',(#98,#15),#1214,.T.);
#1275=ADVANCED_FACE('',(#99),#1215,.F.);
#1276=ADVANCED_FACE('',(#100),#35,.F.);
#1277=ADVANCED_FACE('',(#101),#1216,.F.);
#1278=ADVANCED_FACE('',(#102),#1217,.F.);
#1279=ADVANCED_FACE('',(#103),#1218,.F.);
#1280=ADVANCED_FACE('',(#104),#1219,.F.);
#1281=ADVANCED_FACE('',(#105),#1220,.F.);
#1282=ADVANCED_FACE('',(#106),#1221,.F.);
#1283=ADVANCED_FACE('',(#107),#1222,.F.);
#1284=ADVANCED_FACE('',(#108),#1223,.F.);
#1285=ADVANCED_FACE('',(#109),#1224,.F.);
#1286=ADVANCED_FACE('',(#110),#1225,.F.);
#1287=ADVANCED_FACE('',(#111),#1226,.F.);
#1288=ADVANCED_FACE('',(#112),#1227,.F.);
#1289=ADVANCED_FACE('',(#113),#1228,.T.);
#1290=ADVANCED_FACE('',(#114),#1229,.T.);
#1291=ADVANCED_FACE('',(#115),#1230,.T.);
#1292=ADVANCED_FACE('',(#116),#1231,.T.);
#1293=ADVANCED_FACE('',(#117),#1232,.F.);
#1294=ADVANCED_FACE('',(#118),#1233,.F.);
#1295=ADVANCED_FACE('',(#119,#16),#1234,.T.);
#1296=ADVANCED_FACE('',(#120),#36,.T.);
#1297=ADVANCED_FACE('',(#121,#17,#18,#19,#20,#21),#1235,.F.);
#1298=ADVANCED_FACE('',(#122),#37,.T.);
#1299=ADVANCED_FACE('',(#123),#38,.T.);
#1300=ADVANCED_FACE('',(#124),#39,.T.);
#1301=ADVANCED_FACE('',(#125),#1236,.F.);
#1302=ADVANCED_FACE('',(#126),#1237,.F.);
#1303=ADVANCED_FACE('',(#127),#40,.F.);
#1304=ADVANCED_FACE('',(#128),#1238,.T.);
#1305=ADVANCED_FACE('',(#129),#41,.T.);
#1306=ADVANCED_FACE('',(#130,#22),#1239,.F.);
#1307=ADVANCED_FACE('',(#131),#1240,.F.);
#1308=ADVANCED_FACE('',(#132,#23),#1241,.F.);
#1309=ADVANCED_FACE('',(#133),#42,.F.);
#1310=ADVANCED_FACE('',(#134),#1242,.T.);
#1311=ADVANCED_FACE('',(#135),#43,.T.);
#1312=ADVANCED_FACE('',(#136,#24),#1243,.F.);
#1313=ADVANCED_FACE('',(#137),#1244,.F.);
#1314=ADVANCED_FACE('',(#138),#1245,.F.);
#1315=ADVANCED_FACE('',(#139),#44,.F.);
#1316=ADVANCED_FACE('',(#140),#45,.T.);
#1317=ADVANCED_FACE('',(#141,#25),#1246,.F.);
#1318=ADVANCED_FACE('',(#142),#1247,.F.);
#1319=ADVANCED_FACE('',(#143),#46,.F.);
#1320=ADVANCED_FACE('',(#144),#47,.F.);
#1321=ADVANCED_FACE('',(#145),#48,.F.);
#1322=ADVANCED_FACE('',(#146),#1248,.T.);
#1323=ADVANCED_FACE('',(#147),#1249,.T.);
#1324=ADVANCED_FACE('',(#148),#1250,.T.);
#1325=ADVANCED_FACE('',(#149),#1251,.T.);
#1326=ADVANCED_FACE('',(#150),#1252,.T.);
#1327=ADVANCED_FACE('',(#151),#1253,.T.);
#1328=ADVANCED_FACE('',(#152),#49,.F.);
#1329=ADVANCED_FACE('',(#153,#26),#1254,.T.);
#1330=ADVANCED_FACE('',(#154),#50,.F.);
#1331=ADVANCED_FACE('',(#155),#1255,.T.);
#1332=ADVANCED_FACE('',(#156,#27,#28,#29),#1256,.T.);
#1333=ADVANCED_FACE('',(#157),#1257,.T.);
#1334=ADVANCED_FACE('',(#158),#1258,.T.);
#1335=ADVANCED_FACE('',(#159,#30),#1259,.T.);
#1336=ADVANCED_FACE('',(#160),#51,.F.);
#1337=ADVANCED_FACE('',(#161),#1260,.F.);
#1338=ADVANCED_FACE('',(#162),#1261,.F.);
#1339=ADVANCED_FACE('',(#163),#1262,.F.);
#1340=ADVANCED_FACE('',(#164),#1263,.F.);
#1341=ADVANCED_FACE('',(#165),#1264,.F.);
#1342=ADVANCED_FACE('',(#166),#1265,.T.);
#1343=ADVANCED_FACE('',(#167,#31,#32,#33),#1266,.T.);
#1344=ADVANCED_FACE('',(#168),#1267,.T.);
#1345=CLOSED_SHELL('',(#1268,#1269,#1270,#1271,#1272,#1273,#1274,#1275,
#1276,#1277,#1278,#1279,#1280,#1281,#1282,#1283,#1284,#1285,#1286,#1287,
#1288,#1289,#1290,#1291,#1292,#1293,#1294,#1295,#1296,#1297,#1298,#1299,
#1300,#1301,#1302,#1303,#1304,#1305,#1306,#1307,#1308,#1309,#1310,#1311,
#1312,#1313,#1314,#1315,#1316,#1317,#1318,#1319,#1320,#1321,#1322,#1323,
#1324,#1325,#1326,#1327,#1328,#1329,#1330,#1331,#1332,#1333,#1334,#1335,
#1336,#1337,#1338,#1339,#1340,#1341,#1342,#1343,#1344));
#1346=DERIVED_UNIT_ELEMENT(#1348,1.);
#1347=DERIVED_UNIT_ELEMENT(#2227,-3.);
#1348=(
MASS_UNIT()
NAMED_UNIT(*)
SI_UNIT(.KILO.,.GRAM.)
);
#1349=DERIVED_UNIT((#1346,#1347));
#1350=MEASURE_REPRESENTATION_ITEM('density measure',
POSITIVE_RATIO_MEASURE(7850.),#1349);
#1351=PROPERTY_DEFINITION_REPRESENTATION(#1356,#1353);
#1352=PROPERTY_DEFINITION_REPRESENTATION(#1357,#1354);
#1353=REPRESENTATION('material name',(#1355),#2224);
#1354=REPRESENTATION('density',(#1350),#2224);
#1355=DESCRIPTIVE_REPRESENTATION_ITEM('Steel','Steel');
#1356=PROPERTY_DEFINITION('material property','material name',#2234);
#1357=PROPERTY_DEFINITION('material property','density of part',#2234);
#1358=AXIS2_PLACEMENT_3D('',#1850,#1474,#1475);
#1359=AXIS2_PLACEMENT_3D('',#1851,#1476,#1477);
#1360=AXIS2_PLACEMENT_3D('',#1860,#1482,#1483);
#1361=AXIS2_PLACEMENT_3D('',#1864,#1485,#1486);
#1362=AXIS2_PLACEMENT_3D('',#1865,#1487,#1488);
#1363=AXIS2_PLACEMENT_3D('',#1866,#1489,#1490);
#1364=AXIS2_PLACEMENT_3D('',#1872,#1494,#1495);
#1365=AXIS2_PLACEMENT_3D('',#1873,#1496,#1497);
#1366=AXIS2_PLACEMENT_3D('',#1874,#1498,#1499);
#1367=AXIS2_PLACEMENT_3D('',#1875,#1500,#1501);
#1368=AXIS2_PLACEMENT_3D('',#1879,#1503,#1504);
#1369=AXIS2_PLACEMENT_3D('',#1881,#1506,#1507);
#1370=AXIS2_PLACEMENT_3D('',#1885,#1510,#1511);
#1371=AXIS2_PLACEMENT_3D('',#1894,#1516,#1517);
#1372=AXIS2_PLACEMENT_3D('',#1898,#1520,#1521);
#1373=AXIS2_PLACEMENT_3D('',#1899,#1522,#1523);
#1374=AXIS2_PLACEMENT_3D('',#1900,#1524,#1525);
#1375=AXIS2_PLACEMENT_3D('',#1909,#1530,#1531);
#1376=AXIS2_PLACEMENT_3D('',#1915,#1535,#1536);
#1377=AXIS2_PLACEMENT_3D('',#1921,#1540,#1541);
#1378=AXIS2_PLACEMENT_3D('',#1924,#1544,#1545);
#1379=AXIS2_PLACEMENT_3D('',#1933,#1550,#1551);
#1380=AXIS2_PLACEMENT_3D('',#1939,#1555,#1556);
#1381=AXIS2_PLACEMENT_3D('',#1945,#1560,#1561);
#1382=AXIS2_PLACEMENT_3D('',#1948,#1564,#1565);
#1383=AXIS2_PLACEMENT_3D('',#1957,#1570,#1571);
#1384=AXIS2_PLACEMENT_3D('',#1963,#1575,#1576);
#1385=AXIS2_PLACEMENT_3D('',#1969,#1580,#1581);
#1386=AXIS2_PLACEMENT_3D('',#1972,#1584,#1585);
#1387=AXIS2_PLACEMENT_3D('',#1981,#1590,#1591);
#1388=AXIS2_PLACEMENT_3D('',#1987,#1595,#1596);
#1389=AXIS2_PLACEMENT_3D('',#1993,#1600,#1601);
#1390=AXIS2_PLACEMENT_3D('',#1996,#1604,#1605);
#1391=AXIS2_PLACEMENT_3D('',#2002,#1609,#1610);
#1392=AXIS2_PLACEMENT_3D('',#2006,#1613,#1614);
#1393=AXIS2_PLACEMENT_3D('',#2015,#1619,#1620);
#1394=AXIS2_PLACEMENT_3D('',#2017,#1621,#1622);
#1395=AXIS2_PLACEMENT_3D('',#2019,#1623,#1624);
#1396=AXIS2_PLACEMENT_3D('',#2021,#1626,#1627);
#1397=AXIS2_PLACEMENT_3D('',#2023,#1628,#1629);
#1398=AXIS2_PLACEMENT_3D('',#2026,#1631,#1632);
#1399=AXIS2_PLACEMENT_3D('',#2028,#1633,#1634);
#1400=AXIS2_PLACEMENT_3D('',#2031,#1636,#1637);
#1401=AXIS2_PLACEMENT_3D('',#2044,#1643,#1644);
#1402=AXIS2_PLACEMENT_3D('',#2048,#1646,#1647);
#1403=AXIS2_PLACEMENT_3D('',#2061,#1654,#1655);
#1404=AXIS2_PLACEMENT_3D('',#2063,#1656,#1657);
#1405=AXIS2_PLACEMENT_3D('',#2065,#1658,#1659);
#1406=AXIS2_PLACEMENT_3D('',#2066,#1660,#1661);
#1407=AXIS2_PLACEMENT_3D('',#2068,#1662,#1663);
#1408=AXIS2_PLACEMENT_3D('',#2070,#1665,#1666);
#1409=AXIS2_PLACEMENT_3D('',#2072,#1667,#1668);
#1410=AXIS2_PLACEMENT_3D('',#2074,#1670,#1671);
#1411=AXIS2_PLACEMENT_3D('',#2076,#1672,#1673);
#1412=AXIS2_PLACEMENT_3D('',#2078,#1675,#1676);
#1413=AXIS2_PLACEMENT_3D('',#2082,#1679,#1680);
#1414=AXIS2_PLACEMENT_3D('',#2084,#1682,#1683);
#1415=AXIS2_PLACEMENT_3D('',#2086,#1684,#1685);
#1416=AXIS2_PLACEMENT_3D('',#2089,#1687,#1688);
#1417=AXIS2_PLACEMENT_3D('',#2090,#1689,#1690);
#1418=AXIS2_PLACEMENT_3D('',#2099,#1695,#1696);
#1419=AXIS2_PLACEMENT_3D('',#2100,#1697,#1698);
#1420=AXIS2_PLACEMENT_3D('',#2101,#1699,#1700);
#1421=AXIS2_PLACEMENT_3D('',#2102,#1701,#1702);
#1422=AXIS2_PLACEMENT_3D('',#2103,#1703,#1704);
#1423=AXIS2_PLACEMENT_3D('',#2104,#1705,#1706);
#1424=AXIS2_PLACEMENT_3D('',#2105,#1707,#1708);
#1425=AXIS2_PLACEMENT_3D('',#2129,#1720,#1721);
#1426=AXIS2_PLACEMENT_3D('',#2132,#1723,#1724);
#1427=AXIS2_PLACEMENT_3D('',#2133,#1725,#1726);
#1428=AXIS2_PLACEMENT_3D('',#2135,#1727,#1728);
#1429=AXIS2_PLACEMENT_3D('',#2138,#1730,#1731);
#1430=AXIS2_PLACEMENT_3D('',#2139,#1732,#1733);
#1431=AXIS2_PLACEMENT_3D('',#2146,#1738,#1739);
#1432=AXIS2_PLACEMENT_3D('',#2147,#1740,#1741);
#1433=AXIS2_PLACEMENT_3D('',#2148,#1742,#1743);
#1434=AXIS2_PLACEMENT_3D('',#2149,#1744,#1745);
#1435=AXIS2_PLACEMENT_3D('',#2150,#1746,#1747);
#1436=AXIS2_PLACEMENT_3D('',#2151,#1748,#1749);
#1437=AXIS2_PLACEMENT_3D('',#2152,#1750,#1751);
#1438=AXIS2_PLACEMENT_3D('',#2154,#1752,#1753);
#1439=AXIS2_PLACEMENT_3D('',#2157,#1755,#1756);
#1440=AXIS2_PLACEMENT_3D('',#2158,#1757,#1758);
#1441=AXIS2_PLACEMENT_3D('',#2160,#1759,#1760);
#1442=AXIS2_PLACEMENT_3D('',#2162,#1762,#1763);
#1443=AXIS2_PLACEMENT_3D('',#2163,#1764,#1765);
#1444=AXIS2_PLACEMENT_3D('',#2164,#1766,#1767);
#1445=AXIS2_PLACEMENT_3D('',#2167,#1769,#1770);
#1446=AXIS2_PLACEMENT_3D('',#2168,#1771,#1772);
#1447=AXIS2_PLACEMENT_3D('',#2171,#1774,#1775);
#1448=AXIS2_PLACEMENT_3D('',#2172,#1776,#1777);
#1449=AXIS2_PLACEMENT_3D('',#2175,#1779,#1780);
#1450=AXIS2_PLACEMENT_3D('',#2176,#1781,#1782);
#1451=AXIS2_PLACEMENT_3D('',#2179,#1785,#1786);
#1452=AXIS2_PLACEMENT_3D('',#2181,#1788,#1789);
#1453=AXIS2_PLACEMENT_3D('',#2183,#1791,#1792);
#1454=AXIS2_PLACEMENT_3D('',#2185,#1794,#1795);
#1455=AXIS2_PLACEMENT_3D('',#2187,#1797,#1798);
#1456=AXIS2_PLACEMENT_3D('',#2190,#1801,#1802);
#1457=AXIS2_PLACEMENT_3D('',#2193,#1805,#1806);
#1458=AXIS2_PLACEMENT_3D('',#2196,#1809,#1810);
#1459=AXIS2_PLACEMENT_3D('',#2199,#1813,#1814);
#1460=AXIS2_PLACEMENT_3D('',#2201,#1816,#1817);
#1461=AXIS2_PLACEMENT_3D('',#2203,#1819,#1820);
#1462=AXIS2_PLACEMENT_3D('',#2205,#1822,#1823);
#1463=AXIS2_PLACEMENT_3D('',#2207,#1825,#1826);
#1464=AXIS2_PLACEMENT_3D('',#2208,#1827,#1828);
#1465=AXIS2_PLACEMENT_3D('',#2211,#1830,#1831);
#1466=AXIS2_PLACEMENT_3D('',#2212,#1832,#1833);
#1467=AXIS2_PLACEMENT_3D('',#2213,#1834,#1835);
#1468=AXIS2_PLACEMENT_3D('',#2214,#1836,#1837);
#1469=AXIS2_PLACEMENT_3D('',#2215,#1838,#1839);
#1470=AXIS2_PLACEMENT_3D('',#2216,#1840,#1841);
#1471=AXIS2_PLACEMENT_3D('',#2217,#1842,#1843);
#1472=AXIS2_PLACEMENT_3D('',#2219,#1845,#1846);
#1473=AXIS2_PLACEMENT_3D('',#2221,#1848,#1849);
#1474=DIRECTION('axis',(0.,0.,1.));
#1475=DIRECTION('refdir',(1.,0.,0.));
#1476=DIRECTION('center_axis',(-8.6229334115324E-18,-0.707106781186554,
0.707106781186541));
#1477=DIRECTION('ref_axis',(1.,0.,1.21946693780293E-17));
#1478=DIRECTION('',(0.,-0.707106781186541,-0.707106781186554));
#1479=DIRECTION('',(1.,3.73969860926367E-16,3.86164530304403E-16));
#1480=DIRECTION('',(0.,0.707106781186541,0.707106781186554));
#1481=DIRECTION('',(-1.,-3.73969860926367E-16,-3.86164530304403E-16));
#1482=DIRECTION('center_axis',(0.,-1.,0.));
#1483=DIRECTION('ref_axis',(0.,0.,1.));
#1484=DIRECTION('',(0.,-0.707106781186573,0.707106781186522));
#1485=DIRECTION('center_axis',(3.73969860926367E-16,-1.,0.));
#1486=DIRECTION('ref_axis',(0.,0.,1.));
#1487=DIRECTION('center_axis',(-3.73969860926367E-16,1.,0.));
#1488=DIRECTION('ref_axis',(0.,0.,1.));
#1489=DIRECTION('center_axis',(2.64436624620422E-16,-0.707106781186541,
-0.707106781186554));
#1490=DIRECTION('ref_axis',(-1.,0.,-3.7396986092636E-16));
#1491=DIRECTION('',(0.,-0.707106781186554,0.707106781186541));
#1492=DIRECTION('',(-1.,-3.73969860926367E-16,0.));
#1493=DIRECTION('',(1.,3.73969860926367E-16,0.));
#1494=DIRECTION('center_axis',(0.,-1.,0.));
#1495=DIRECTION('ref_axis',(0.,0.,-1.));
#1496=DIRECTION('center_axis',(3.73969860926367E-16,-1.,0.));
#1497=DIRECTION('ref_axis',(0.,0.,-1.));
#1498=DIRECTION('center_axis',(-3.73969860926367E-16,1.,0.));
#1499=DIRECTION('ref_axis',(0.,0.,-1.));
#1500=DIRECTION('center_axis',(0.,1.,0.));
#1501=DIRECTION('ref_axis',(0.,0.,1.));
#1502=DIRECTION('',(0.,1.,0.));
#1503=DIRECTION('center_axis',(4.49710592253226E-16,-1.,0.));
#1504=DIRECTION('ref_axis',(0.,0.,1.));
#1505=DIRECTION('',(0.,1.,0.));
#1506=DIRECTION('center_axis',(3.86164530304403E-16,0.,-1.));
#1507=DIRECTION('ref_axis',(-1.,1.39308838143864E-31,-3.86164530304403E-16));
#1508=DIRECTION('',(0.,1.,0.));
#1509=DIRECTION('',(1.,4.49710592253226E-16,3.86164530304403E-16));
#1510=DIRECTION('center_axis',(3.73969860926367E-16,-1.,0.));
#1511=DIRECTION('ref_axis',(-1.,-3.73969860926367E-16,2.07594975058159E-32));
#1512=DIRECTION('',(0.,0.,1.));
#1513=DIRECTION('',(-1.,-3.73969860926367E-16,2.07594975058159E-32));
#1514=DIRECTION('',(0.,0.,-1.));
#1515=DIRECTION('',(1.,3.73969860926367E-16,-2.07594975058159E-32));
#1516=DIRECTION('center_axis',(0.,0.,1.));
#1517=DIRECTION('ref_axis',(1.,-1.39308838143864E-31,0.));
#1518=DIRECTION('',(-1.,-4.49710592253226E-16,0.));
#1519=DIRECTION('',(0.,1.,0.));
#1520=DIRECTION('center_axis',(0.,1.,0.));
#1521=DIRECTION('ref_axis',(0.,0.,-1.));
#1522=DIRECTION('center_axis',(4.49710592253226E-16,-1.,0.));
#1523=DIRECTION('ref_axis',(0.,0.,-1.));
#1524=DIRECTION('center_axis',(0.,1.,0.));
#1525=DIRECTION('ref_axis',(0.,0.,-1.));
#1526=DIRECTION('',(0.,0.,-1.));
#1527=DIRECTION('',(-1.,0.,0.));
#1528=DIRECTION('',(0.,0.,1.));
#1529=DIRECTION('',(-1.,0.,0.));
#1530=DIRECTION('center_axis',(0.,0.,1.));
#1531=DIRECTION('ref_axis',(0.,1.,0.));
#1532=DIRECTION('',(-4.02188309319869E-15,1.,0.));
#1533=DIRECTION('',(-1.,0.,0.));
#1534=DIRECTION('',(4.95044115134123E-15,-1.,0.));
#1535=DIRECTION('center_axis',(0.,-1.,0.));
#1536=DIRECTION('ref_axis',(0.,0.,1.));
#1537=DIRECTION('',(0.,0.,1.));
#1538=DIRECTION('',(-1.,0.,0.));
#1539=DIRECTION('',(0.,0.,-1.));
#1540=DIRECTION('center_axis',(0.,0.,-1.));
#1541=DIRECTION('ref_axis',(0.,-1.,0.));
#1542=DIRECTION('',(4.02188309319869E-15,-1.,0.));
#1543=DIRECTION('',(-4.95044115134123E-15,1.,0.));
#1544=DIRECTION('center_axis',(0.,0.,-1.));
#1545=DIRECTION('ref_axis',(0.,-1.,0.));
#1546=DIRECTION('',(4.02188309319869E-15,-1.,0.));
#1547=DIRECTION('',(-1.,0.,0.));
#1548=DIRECTION('',(-4.95044115134123E-15,1.,0.));
#1549=DIRECTION('',(-1.,0.,0.));
#1550=DIRECTION('center_axis',(0.,1.,0.));
#1551=DIRECTION('ref_axis',(0.,0.,-1.));
#1552=DIRECTION('',(0.,0.,-1.));
#1553=DIRECTION('',(-1.,0.,0.));
#1554=DIRECTION('',(0.,0.,1.));
#1555=DIRECTION('center_axis',(0.,0.,1.));
#1556=DIRECTION('ref_axis',(0.,1.,0.));
#1557=DIRECTION('',(-4.02188309319869E-15,1.,0.));
#1558=DIRECTION('',(-1.,0.,0.));
#1559=DIRECTION('',(4.95044115134123E-15,-1.,0.));
#1560=DIRECTION('center_axis',(0.,-1.,0.));
#1561=DIRECTION('ref_axis',(0.,0.,1.));
#1562=DIRECTION('',(0.,0.,1.));
#1563=DIRECTION('',(0.,0.,-1.));
#1564=DIRECTION('center_axis',(0.,0.,1.));
#1565=DIRECTION('ref_axis',(0.,1.,0.));
#1566=DIRECTION('',(-4.02188309319869E-15,1.,0.));
#1567=DIRECTION('',(-1.,0.,0.));
#1568=DIRECTION('',(4.95044115134123E-15,-1.,0.));
#1569=DIRECTION('',(-1.,0.,0.));
#1570=DIRECTION('center_axis',(0.,-1.,0.));
#1571=DIRECTION('ref_axis',(0.,0.,1.));
#1572=DIRECTION('',(0.,0.,1.));
#1573=DIRECTION('',(-1.,0.,0.));
#1574=DIRECTION('',(0.,0.,-1.));
#1575=DIRECTION('center_axis',(0.,0.,-1.));
#1576=DIRECTION('ref_axis',(0.,-1.,0.));
#1577=DIRECTION('',(4.02188309319869E-15,-1.,0.));
#1578=DIRECTION('',(-1.,0.,0.));
#1579=DIRECTION('',(-4.95044115134123E-15,1.,0.));
#1580=DIRECTION('center_axis',(0.,1.,0.));
#1581=DIRECTION('ref_axis',(0.,0.,-1.));
#1582=DIRECTION('',(0.,0.,-1.));
#1583=DIRECTION('',(0.,0.,1.));
#1584=DIRECTION('center_axis',(2.64436624620426E-16,0.707106781186549,-0.707106781186547));
#1585=DIRECTION('ref_axis',(-1.,0.,-3.73969860926369E-16));
#1586=DIRECTION('',(1.,-3.73969860926368E-16,0.));
#1587=DIRECTION('',(-0.577350269189623,-0.577350269189626,-0.577350269189628));
#1588=DIRECTION('',(-1.,3.73969860926368E-16,0.));
#1589=DIRECTION('',(0.577350269189627,-0.577350269189624,-0.577350269189626));
#1590=DIRECTION('center_axis',(-0.70710678118655,0.707106781186545,0.));
#1591=DIRECTION('ref_axis',(0.,0.,1.));
#1592=DIRECTION('',(0.,0.,-1.));
#1593=DIRECTION('',(-0.577350269189623,-0.577350269189626,0.577350269189629));
#1594=DIRECTION('',(0.,0.,1.));
#1595=DIRECTION('center_axis',(0.707106781186545,0.70710678118655,0.));
#1596=DIRECTION('ref_axis',(0.,0.,-1.));
#1597=DIRECTION('',(0.,0.,-1.));
#1598=DIRECTION('',(-0.577350269189628,0.577350269189623,-0.577350269189627));
#1599=DIRECTION('',(0.,0.,1.));
#1600=DIRECTION('center_axis',(2.7059867509007E-16,0.707106781186549,0.707106781186546));
#1601=DIRECTION('ref_axis',(1.,0.,-3.82684316272569E-16));
#1602=DIRECTION('',(-1.,3.73969860926368E-16,8.71445534619871E-18));
#1603=DIRECTION('',(1.,-3.73969860926368E-16,-8.71445534619871E-18));
#1604=DIRECTION('center_axis',(-1.,0.,0.));
#1605=DIRECTION('ref_axis',(0.,0.,-1.));
#1606=DIRECTION('',(0.,-1.,0.));
#1607=DIRECTION('',(0.,0.,1.));
#1608=DIRECTION('',(0.,-1.,0.));
#1609=DIRECTION('center_axis',(0.,0.,1.));
#1610=DIRECTION('ref_axis',(-1.,0.,0.));
#1611=DIRECTION('',(0.,-1.,0.));
#1612=DIRECTION('',(1.,1.09360332190927E-13,0.));
#1613=DIRECTION('center_axis',(3.73969860926368E-16,1.,0.));
#1614=DIRECTION('ref_axis',(1.,-3.73969860926368E-16,2.0759497505816E-32));
#1615=DIRECTION('',(0.,0.,1.));
#1616=DIRECTION('',(1.,-3.73969860926368E-16,2.0759497505816E-32));
#1617=DIRECTION('',(0.,0.,-1.));
#1618=DIRECTION('',(-1.,3.73969860926368E-16,-2.0759497505816E-32));
#1619=DIRECTION('center_axis',(0.,0.,-1.));
#1620=DIRECTION('ref_axis',(0.707106781186547,0.707106781186547,0.));
#1621=DIRECTION('center_axis',(0.,0.,1.));
#1622=DIRECTION('ref_axis',(0.707106781186547,0.707106781186547,0.));
#1623=DIRECTION('center_axis',(0.,-5.55111512312576E-17,-1.));
#1624=DIRECTION('ref_axis',(0.707106781186547,0.707106781186547,0.));
#1625=DIRECTION('',(0.,0.,-1.));
#1626=DIRECTION('center_axis',(0.,-5.55111512312576E-17,-1.));
#1627=DIRECTION('ref_axis',(1.,0.,0.));
#1628=DIRECTION('center_axis',(0.,-5.55111512312576E-17,-1.));
#1629=DIRECTION('ref_axis',(-0.707106781186547,0.707106781186547,0.));
#1630=DIRECTION('',(-4.02188309319869E-16,-1.,5.55111512312576E-17));
#1631=DIRECTION('center_axis',(0.,-5.55111512312576E-17,-1.));
#1632=DIRECTION('ref_axis',(-0.707106781186547,-0.707106781186547,0.));
#1633=DIRECTION('center_axis',(0.,-5.55111512312576E-17,-1.));
#1634=DIRECTION('ref_axis',(0.707106781186547,-0.707106781186547,0.));
#1635=DIRECTION('',(-4.02188309319869E-15,1.,-5.55111512312576E-17));
#1636=DIRECTION('center_axis',(0.,-5.55111512312576E-17,-1.));
#1637=DIRECTION('ref_axis',(1.,0.,0.));
#1638=DIRECTION('',(1.,1.09360332190927E-13,-6.07071793895114E-30));
#1639=DIRECTION('',(0.,-1.,5.55111512312576E-17));
#1640=DIRECTION('',(1.,0.,0.));
#1641=DIRECTION('',(4.95044115134123E-15,-1.,5.55111512312576E-17));
#1642=DIRECTION('',(-1.,-4.49710592253226E-16,2.49639526968672E-32));
#1643=DIRECTION('center_axis',(0.,-5.55111512312576E-17,-1.));
#1644=DIRECTION('ref_axis',(1.,0.,0.));
#1645=DIRECTION('',(-1.,-4.49710592253226E-16,2.49639526968672E-32));
#1646=DIRECTION('center_axis',(0.,-5.55111512312576E-17,-1.));
#1647=DIRECTION('ref_axis',(1.,0.,0.));
#1648=DIRECTION('',(-1.,-4.49710592253226E-16,2.49639526968672E-32));
#1649=DIRECTION('',(5.12845052397824E-16,1.,-5.55111512312576E-17));
#1650=DIRECTION('',(1.,0.,0.));
#1651=DIRECTION('',(0.,1.,-5.55111512312576E-17));
#1652=DIRECTION('',(-1.,0.,0.));
#1653=DIRECTION('',(0.,1.,-5.55111512312576E-17));
#1654=DIRECTION('center_axis',(0.,-5.55111512312576E-17,-1.));
#1655=DIRECTION('ref_axis',(1.,0.,0.));
#1656=DIRECTION('center_axis',(0.,-5.55111512312576E-17,-1.));
#1657=DIRECTION('ref_axis',(1.,0.,0.));
#1658=DIRECTION('center_axis',(0.,-5.55111512312576E-17,-1.));
#1659=DIRECTION('ref_axis',(1.,0.,0.));
#1660=DIRECTION('center_axis',(0.,0.,1.));
#1661=DIRECTION('ref_axis',(-0.707106781186547,0.707106781186547,0.));
#1662=DIRECTION('center_axis',(0.,0.,1.));
#1663=DIRECTION('ref_axis',(-0.707106781186547,0.707106781186547,0.));
#1664=DIRECTION('',(0.,0.,1.));
#1665=DIRECTION('center_axis',(0.,0.,-1.));
#1666=DIRECTION('ref_axis',(-0.707106781186547,-0.707106781186547,0.));
#1667=DIRECTION('center_axis',(0.,0.,1.));
#1668=DIRECTION('ref_axis',(-0.707106781186547,-0.707106781186547,0.));
#1669=DIRECTION('',(0.,0.,-1.));
#1670=DIRECTION('center_axis',(0.,0.,-1.));
#1671=DIRECTION('ref_axis',(0.707106781186547,-0.707106781186547,0.));
#1672=DIRECTION('center_axis',(0.,0.,1.));
#1673=DIRECTION('ref_axis',(0.707106781186547,-0.707106781186547,0.));
#1674=DIRECTION('',(0.,0.,1.));
#1675=DIRECTION('center_axis',(1.,0.,0.));
#1676=DIRECTION('ref_axis',(0.,0.,1.));
#1677=DIRECTION('',(0.,-1.,0.));
#1678=DIRECTION('',(0.,0.,-1.));
#1679=DIRECTION('center_axis',(-8.71445534619871E-18,0.,-1.));
#1680=DIRECTION('ref_axis',(1.,0.,-8.71445534619871E-18));
#1681=DIRECTION('',(-1.,-1.09360332190927E-13,8.71445534619871E-18));
#1682=DIRECTION('center_axis',(0.,0.,1.));
#1683=DIRECTION('ref_axis',(1.,0.,0.));
#1684=DIRECTION('center_axis',(0.,-5.55111512312576E-17,-1.));
#1685=DIRECTION('ref_axis',(1.,0.,0.));
#1686=DIRECTION('',(0.,0.,-1.));
#1687=DIRECTION('center_axis',(0.,5.55111512312576E-17,1.));
#1688=DIRECTION('ref_axis',(1.,0.,0.));
#1689=DIRECTION('center_axis',(4.49710592253226E-16,-1.,0.));
#1690=DIRECTION('ref_axis',(1.,4.49710592253226E-16,-2.49639526968672E-32));
#1691=DIRECTION('',(-1.,-4.49710592253226E-16,2.49639526968672E-32));
#1692=DIRECTION('',(0.,0.,1.));
#1693=DIRECTION('',(1.,4.49710592253226E-16,-2.49639526968672E-32));
#1694=DIRECTION('',(0.,0.,1.));
#1695=DIRECTION('center_axis',(0.,0.,1.));
#1696=DIRECTION('ref_axis',(6.12323399573677E-17,1.,0.));
#1697=DIRECTION('center_axis',(0.,-5.55111512312576E-17,-1.));
#1698=DIRECTION('ref_axis',(1.,0.,0.));
#1699=DIRECTION('center_axis',(0.,5.55111512312576E-17,1.));
#1700=DIRECTION('ref_axis',(1.,0.,0.));
#1701=DIRECTION('center_axis',(0.,-5.55111512312576E-17,-1.));
#1702=DIRECTION('ref_axis',(1.,0.,0.));
#1703=DIRECTION('center_axis',(0.,-5.55111512312576E-17,-1.));
#1704=DIRECTION('ref_axis',(1.,0.,0.));
#1705=DIRECTION('center_axis',(0.,5.55111512312576E-17,1.));
#1706=DIRECTION('ref_axis',(1.,0.,0.));
#1707=DIRECTION('center_axis',(0.,-5.55111512312576E-17,-1.));
#1708=DIRECTION('ref_axis',(1.,0.,0.));
#1709=DIRECTION('',(1.,4.49710592253226E-16,-2.49639526968672E-32));
#1710=DIRECTION('',(-4.95044115134123E-15,1.,-5.55111512312576E-17));
#1711=DIRECTION('',(-1.,0.,0.));
#1712=DIRECTION('',(0.,1.,-5.55111512312576E-17));
#1713=DIRECTION('',(-1.,-1.09360332190927E-13,6.07071793895114E-30));
#1714=DIRECTION('',(0.,-1.,5.55111512312576E-17));
#1715=DIRECTION('',(1.,0.,0.));
#1716=DIRECTION('',(0.,-1.,5.55111512312576E-17));
#1717=DIRECTION('',(-1.,0.,0.));
#1718=DIRECTION('',(-5.12845052397824E-16,-1.,5.55111512312576E-17));
#1719=DIRECTION('',(1.,4.49710592253226E-16,-2.49639526968672E-32));
#1720=DIRECTION('center_axis',(0.,-5.55111512312576E-17,-1.));
#1721=DIRECTION('ref_axis',(1.,0.,0.));
#1722=DIRECTION('',(1.,4.49710592253226E-16,-2.49639526968672E-32));
#1723=DIRECTION('center_axis',(0.,-5.55111512312576E-17,-1.));
#1724=DIRECTION('ref_axis',(1.,0.,0.));
#1725=DIRECTION('center_axis',(0.,0.,1.));
#1726=DIRECTION('ref_axis',(1.,0.,0.));
#1727=DIRECTION('center_axis',(0.,-5.55111512312576E-17,-1.));
#1728=DIRECTION('ref_axis',(1.,0.,0.));
#1729=DIRECTION('',(0.,0.,-1.));
#1730=DIRECTION('center_axis',(0.,5.55111512312576E-17,1.));
#1731=DIRECTION('ref_axis',(1.,0.,0.));
#1732=DIRECTION('center_axis',(4.49710592253226E-16,-1.,0.));
#1733=DIRECTION('ref_axis',(1.,4.49710592253226E-16,-2.49639526968672E-32));
#1734=DIRECTION('',(-1.,-4.49710592253226E-16,2.49639526968672E-32));
#1735=DIRECTION('',(0.,0.,1.));
#1736=DIRECTION('',(1.,4.49710592253226E-16,-2.49639526968672E-32));
#1737=DIRECTION('',(0.,0.,1.));
#1738=DIRECTION('center_axis',(0.,0.,1.));
#1739=DIRECTION('ref_axis',(-3.9355705486932E-15,1.,0.));
#1740=DIRECTION('center_axis',(0.,5.55111512312576E-17,1.));
#1741=DIRECTION('ref_axis',(1.,0.,0.));
#1742=DIRECTION('center_axis',(0.,-5.55111512312576E-17,-1.));
#1743=DIRECTION('ref_axis',(1.,0.,0.));
#1744=DIRECTION('center_axis',(0.,-5.55111512312576E-17,-1.));
#1745=DIRECTION('ref_axis',(1.,0.,0.));
#1746=DIRECTION('center_axis',(0.,5.55111512312576E-17,1.));
#1747=DIRECTION('ref_axis',(1.,0.,0.));
#1748=DIRECTION('center_axis',(0.,-5.55111512312576E-17,-1.));
#1749=DIRECTION('ref_axis',(1.,0.,0.));
#1750=DIRECTION('center_axis',(0.,0.,1.));
#1751=DIRECTION('ref_axis',(1.,0.,0.));
#1752=DIRECTION('center_axis',(0.,-5.55111512312576E-17,-1.));
#1753=DIRECTION('ref_axis',(1.,0.,0.));
#1754=DIRECTION('',(0.,0.,-1.));
#1755=DIRECTION('center_axis',(0.,5.55111512312576E-17,1.));
#1756=DIRECTION('ref_axis',(1.,0.,0.));
#1757=DIRECTION('center_axis',(0.,0.,1.));
#1758=DIRECTION('ref_axis',(1.,0.,0.));
#1759=DIRECTION('center_axis',(0.,5.55111512312576E-17,1.));
#1760=DIRECTION('ref_axis',(1.,0.,0.));
#1761=DIRECTION('',(0.,0.,-1.));
#1762=DIRECTION('center_axis',(0.,-5.55111512312576E-17,-1.));
#1763=DIRECTION('ref_axis',(1.,0.,0.));
#1764=DIRECTION('center_axis',(0.,-5.55111512312576E-17,-1.));
#1765=DIRECTION('ref_axis',(1.,0.,0.));
#1766=DIRECTION('center_axis',(0.,0.,1.));
#1767=DIRECTION('ref_axis',(1.,0.,0.));
#1768=DIRECTION('',(0.,0.,-1.));
#1769=DIRECTION('center_axis',(0.,5.55111512312576E-17,1.));
#1770=DIRECTION('ref_axis',(1.,0.,0.));
#1771=DIRECTION('center_axis',(0.,0.,1.));
#1772=DIRECTION('ref_axis',(1.,0.,0.));
#1773=DIRECTION('',(0.,0.,-1.));
#1774=DIRECTION('center_axis',(0.,5.55111512312576E-17,1.));
#1775=DIRECTION('ref_axis',(1.,0.,0.));
#1776=DIRECTION('center_axis',(0.,0.,1.));
#1777=DIRECTION('ref_axis',(1.,0.,0.));
#1778=DIRECTION('',(0.,0.,-1.));
#1779=DIRECTION('center_axis',(0.,5.55111512312576E-17,1.));
#1780=DIRECTION('ref_axis',(1.,0.,0.));
#1781=DIRECTION('center_axis',(1.,0.,0.));
#1782=DIRECTION('ref_axis',(0.,1.,-5.55111512312576E-17));
#1783=DIRECTION('',(0.,0.,1.));
#1784=DIRECTION('',(0.,0.,1.));
#1785=DIRECTION('center_axis',(0.,1.,0.));
#1786=DIRECTION('ref_axis',(-1.,0.,0.));
#1787=DIRECTION('',(0.,0.,1.));
#1788=DIRECTION('center_axis',(1.,0.,0.));
#1789=DIRECTION('ref_axis',(0.,1.,-5.55111512312576E-17));
#1790=DIRECTION('',(0.,0.,1.));
#1791=DIRECTION('center_axis',(0.,-1.,0.));
#1792=DIRECTION('ref_axis',(1.,0.,0.));
#1793=DIRECTION('',(0.,0.,1.));
#1794=DIRECTION('center_axis',(1.,-5.12845052397824E-16,0.));
#1795=DIRECTION('ref_axis',(5.12845052397824E-16,1.,-5.55111512312576E-17));
#1796=DIRECTION('',(0.,0.,1.));
#1797=DIRECTION('center_axis',(-4.49710592253226E-16,1.,0.));
#1798=DIRECTION('ref_axis',(-1.,-4.49710592253226E-16,2.49639526968672E-32));
#1799=DIRECTION('',(0.,0.,1.));
#1800=DIRECTION('',(0.,0.,1.));
#1801=DIRECTION('center_axis',(0.,0.,1.));
#1802=DIRECTION('ref_axis',(1.,0.,0.));
#1803=DIRECTION('',(0.,0.,1.));
#1804=DIRECTION('',(0.,0.,1.));
#1805=DIRECTION('center_axis',(-4.49710592253226E-16,1.,0.));
#1806=DIRECTION('ref_axis',(-1.,-4.49710592253226E-16,2.49639526968672E-32));
#1807=DIRECTION('',(0.,0.,1.));
#1808=DIRECTION('',(0.,0.,1.));
#1809=DIRECTION('center_axis',(0.,0.,1.));
#1810=DIRECTION('ref_axis',(1.,0.,0.));
#1811=DIRECTION('',(0.,0.,1.));
#1812=DIRECTION('',(0.,0.,1.));
#1813=DIRECTION('center_axis',(-4.49710592253226E-16,1.,0.));
#1814=DIRECTION('ref_axis',(-1.,-4.49710592253226E-16,2.49639526968672E-32));
#1815=DIRECTION('',(0.,0.,1.));
#1816=DIRECTION('center_axis',(-1.,-4.95044115134123E-15,0.));
#1817=DIRECTION('ref_axis',(4.95044115134123E-15,-1.,5.55111512312576E-17));
#1818=DIRECTION('',(0.,0.,1.));
#1819=DIRECTION('center_axis',(0.,-1.,0.));
#1820=DIRECTION('ref_axis',(1.,0.,0.));
#1821=DIRECTION('',(0.,0.,1.));
#1822=DIRECTION('center_axis',(-1.,0.,0.));
#1823=DIRECTION('ref_axis',(0.,-1.,5.55111512312576E-17));
#1824=DIRECTION('',(0.,0.,1.));
#1825=DIRECTION('center_axis',(1.09360332190927E-13,-1.,0.));
#1826=DIRECTION('ref_axis',(1.,1.09360332190927E-13,-6.07071793895114E-30));
#1827=DIRECTION('center_axis',(0.,0.,1.));
#1828=DIRECTION('ref_axis',(1.,0.,0.));
#1829=DIRECTION('',(0.,0.,-1.));
#1830=DIRECTION('center_axis',(0.,5.55111512312576E-17,1.));
#1831=DIRECTION('ref_axis',(1.,0.,0.));
#1832=DIRECTION('center_axis',(0.,-5.55111512312576E-17,-1.));
#1833=DIRECTION('ref_axis',(1.,0.,0.));
#1834=DIRECTION('center_axis',(0.,-5.55111512312576E-17,-1.));
#1835=DIRECTION('ref_axis',(1.,0.,0.));
#1836=DIRECTION('center_axis',(0.,-5.55111512312576E-17,-1.));
#1837=DIRECTION('ref_axis',(1.,0.,0.));
#1838=DIRECTION('center_axis',(0.,-5.55111512312576E-17,-1.));
#1839=DIRECTION('ref_axis',(1.,0.,0.));
#1840=DIRECTION('center_axis',(0.,-5.55111512312576E-17,-1.));
#1841=DIRECTION('ref_axis',(1.,0.,0.));
#1842=DIRECTION('center_axis',(-1.,4.02188309319869E-16,0.));
#1843=DIRECTION('ref_axis',(4.02188309319869E-16,1.,-5.55111512312576E-17));
#1844=DIRECTION('',(4.02188309319869E-16,1.,-5.55111512312576E-17));
#1845=DIRECTION('center_axis',(1.,4.02188309319869E-15,0.));
#1846=DIRECTION('ref_axis',(4.02188309319869E-15,-1.,5.55111512312576E-17));
#1847=DIRECTION('',(4.02188309319869E-15,-1.,5.55111512312576E-17));
#1848=DIRECTION('center_axis',(0.,0.,-1.));
#1849=DIRECTION('ref_axis',(-1.,0.,0.));
#1850=CARTESIAN_POINT('',(0.,0.,0.));
#1851=CARTESIAN_POINT('Origin',(170.532565477282,-127.339039199272,14.1316391304098));
#1852=CARTESIAN_POINT('',(142.626143973544,-127.089039199272,14.3816391304098));
#1853=CARTESIAN_POINT('',(142.626143973544,-127.589039199272,13.8816391304098));
#1854=CARTESIAN_POINT('',(142.626143973544,-127.089039199272,14.3816391304098));
#1855=CARTESIAN_POINT('',(148.376143973544,-127.589039199272,13.8816391304098));
#1856=CARTESIAN_POINT('',(170.532565477282,-127.589039199272,13.8816391304098));
#1857=CARTESIAN_POINT('',(148.376143973544,-127.089039199272,14.3816391304098));
#1858=CARTESIAN_POINT('',(148.376143973544,-127.589039199272,13.8816391304098));
#1859=CARTESIAN_POINT('',(170.532565477282,-127.089039199272,14.3816391304098));
#1860=CARTESIAN_POINT('Origin',(142.626143973544,-127.339039199272,17.2566391304098));
#1861=CARTESIAN_POINT('',(142.626143973544,-127.089039199272,20.1316391304098));
#1862=CARTESIAN_POINT('',(142.626143973544,-127.589039199272,20.6316391304098));
#1863=CARTESIAN_POINT('',(142.626143973544,-127.089039199272,20.1316391304098));
#1864=CARTESIAN_POINT('Origin',(142.626143973544,-127.589039199272,17.2566391304098));
#1865=CARTESIAN_POINT('Origin',(142.626143973544,-127.089039199272,17.2566391304098));
#1866=CARTESIAN_POINT('Origin',(167.657565477282,-127.339039199272,20.3816391304098));
#1867=CARTESIAN_POINT('',(148.376143973544,-127.089039199272,20.1316391304098));
#1868=CARTESIAN_POINT('',(148.376143973544,-127.589039199272,20.6316391304098));
#1869=CARTESIAN_POINT('',(148.376143973544,-127.089039199272,20.1316391304098));
#1870=CARTESIAN_POINT('',(167.657565477282,-127.589039199272,20.6316391304098));
#1871=CARTESIAN_POINT('',(167.657565477282,-127.089039199272,20.1316391304098));
#1872=CARTESIAN_POINT('Origin',(148.376143973544,-127.339039199272,17.2566391304098));
#1873=CARTESIAN_POINT('Origin',(148.376143973544,-127.589039199272,17.2566391304098));
#1874=CARTESIAN_POINT('Origin',(148.376143973544,-127.089039199272,17.2566391304098));
#1875=CARTESIAN_POINT('Origin',(142.626143973544,-127.589039199272,17.2566391304098));
#1876=CARTESIAN_POINT('',(142.626143973544,-119.589039199272,14.3816391304098));
#1877=CARTESIAN_POINT('',(142.626143973544,-127.589039199272,14.3816391304098));
#1878=CARTESIAN_POINT('',(142.626143973544,-119.589039199272,20.1316391304098));
#1879=CARTESIAN_POINT('Origin',(142.626143973544,-119.589039199272,17.2566391304098));
#1880=CARTESIAN_POINT('',(142.626143973544,-127.589039199272,20.1316391304098));
#1881=CARTESIAN_POINT('Origin',(148.376143973544,-127.589039199272,14.3816391304098));
#1882=CARTESIAN_POINT('',(148.376143973544,-119.589039199272,14.3816391304098));
#1883=CARTESIAN_POINT('',(148.376143973544,-127.589039199272,14.3816391304098));
#1884=CARTESIAN_POINT('',(162.081142290287,-119.589039199272,14.3816391304098));
#1885=CARTESIAN_POINT('Origin',(192.688986981021,-127.589039199272,3.15746408611527));
#1886=CARTESIAN_POINT('',(100.188986981021,-127.589039199272,0.157464086115264));
#1887=CARTESIAN_POINT('',(100.188986981021,-127.589039199272,26.1574640861153));
#1888=CARTESIAN_POINT('',(100.188986981021,-127.589039199272,3.15746408611527));
#1889=CARTESIAN_POINT('',(190.188986981021,-127.589039199272,0.157464086115264));
#1890=CARTESIAN_POINT('',(192.688986981021,-127.589039199272,0.157464086115264));
#1891=CARTESIAN_POINT('',(190.188986981021,-127.589039199272,26.1574640861153));
#1892=CARTESIAN_POINT('',(190.188986981021,-127.589039199272,3.15746408611526));
#1893=CARTESIAN_POINT('',(192.688986981021,-127.589039199272,26.1574640861153));
#1894=CARTESIAN_POINT('Origin',(142.626143973544,-127.589039199272,20.1316391304098));
#1895=CARTESIAN_POINT('',(148.376143973544,-119.589039199272,20.1316391304098));
#1896=CARTESIAN_POINT('',(159.206142290287,-119.589039199272,20.1316391304098));
#1897=CARTESIAN_POINT('',(148.376143973544,-127.589039199272,20.1316391304098));
#1898=CARTESIAN_POINT('Origin',(148.376143973544,-127.589039199272,17.2566391304098));
#1899=CARTESIAN_POINT('Origin',(148.376143973544,-119.589039199272,17.2566391304098));
#1900=CARTESIAN_POINT('Origin',(192.688986981021,-105.336827802181,20.2350009611109));
#1901=CARTESIAN_POINT('',(192.688986981021,-105.336827802181,20.2350009611109));
#1902=CARTESIAN_POINT('',(192.688986981021,-105.336827802181,8.73500050988514));
#1903=CARTESIAN_POINT('',(192.688986981021,-105.336827802181,11.6962325236131));
#1904=CARTESIAN_POINT('',(184.688986981021,-105.336827802181,20.2350009611109));
#1905=CARTESIAN_POINT('',(192.688986981021,-105.336827802181,20.2350009611109));
#1906=CARTESIAN_POINT('',(184.688986981021,-105.336827802181,8.73500050988514));
#1907=CARTESIAN_POINT('',(184.688986981021,-105.336827802181,11.6962325236131));
#1908=CARTESIAN_POINT('',(192.688986981021,-105.336827802181,8.73500050988514));
#1909=CARTESIAN_POINT('Origin',(192.688986981021,-108.336827802181,20.2350009611109));
#1910=CARTESIAN_POINT('',(192.688986981021,-108.336827802181,20.2350009611109));
#1911=CARTESIAN_POINT('',(192.688986981021,-73.7956417561154,20.2350009611109));
#1912=CARTESIAN_POINT('',(184.688986981021,-108.336827802181,20.2350009611109));
#1913=CARTESIAN_POINT('',(192.688986981021,-108.336827802181,20.2350009611109));
#1914=CARTESIAN_POINT('',(184.688986981021,-81.6684145561455,20.2350009611109));
#1915=CARTESIAN_POINT('Origin',(192.688986981021,-108.336827802181,8.73500050988514));
#1916=CARTESIAN_POINT('',(192.688986981021,-108.336827802181,8.73500050988514));
#1917=CARTESIAN_POINT('',(192.688986981021,-108.336827802181,5.9462322980002));
#1918=CARTESIAN_POINT('',(184.688986981021,-108.336827802181,8.73500050988514));
#1919=CARTESIAN_POINT('',(192.688986981021,-108.336827802181,8.73500050988514));
#1920=CARTESIAN_POINT('',(184.688986981021,-108.336827802181,5.9462322980002));
#1921=CARTESIAN_POINT('Origin',(192.688986981021,-105.336827802181,8.73500050988514));
#1922=CARTESIAN_POINT('',(192.688986981021,-72.2956417561154,8.73500050988514));
#1923=CARTESIAN_POINT('',(184.688986981021,-80.1684145561455,8.73500050988514));
#1924=CARTESIAN_POINT('Origin',(192.688986981021,-100.849963800881,8.73500050988514));
#1925=CARTESIAN_POINT('',(192.688986981021,-100.849963800881,8.73500050988514));
#1926=CARTESIAN_POINT('',(192.688986981021,-103.849963800881,8.73500050988514));
#1927=CARTESIAN_POINT('',(192.688986981021,-70.0522097554653,8.73500050988514));
#1928=CARTESIAN_POINT('',(184.688986981021,-100.849963800881,8.73500050988514));
#1929=CARTESIAN_POINT('',(192.688986981021,-100.849963800881,8.73500050988514));
#1930=CARTESIAN_POINT('',(184.688986981021,-103.849963800881,8.73500050988514));
#1931=CARTESIAN_POINT('',(184.688986981021,-77.9249825554954,8.73500050988514));
#1932=CARTESIAN_POINT('',(192.688986981021,-103.849963800881,8.73500050988514));
#1933=CARTESIAN_POINT('Origin',(192.688986981021,-100.849963800881,20.2350009611109));
#1934=CARTESIAN_POINT('',(192.688986981021,-100.849963800881,20.2350009611109));
#1935=CARTESIAN_POINT('',(192.688986981021,-100.849963800881,11.6962325236131));
#1936=CARTESIAN_POINT('',(184.688986981021,-100.849963800881,20.2350009611109));
#1937=CARTESIAN_POINT('',(192.688986981021,-100.849963800881,20.2350009611109));
#1938=CARTESIAN_POINT('',(184.688986981021,-100.849963800881,11.6962325236131));
#1939=CARTESIAN_POINT('Origin',(192.688986981021,-103.849963800881,20.2350009611109));
#1940=CARTESIAN_POINT('',(192.688986981021,-103.849963800881,20.2350009611109));
#1941=CARTESIAN_POINT('',(192.688986981021,-71.5522097554654,20.2350009611109));
#1942=CARTESIAN_POINT('',(184.688986981021,-103.849963800881,20.2350009611109));
#1943=CARTESIAN_POINT('',(192.688986981021,-103.849963800881,20.2350009611109));
#1944=CARTESIAN_POINT('',(184.688986981021,-79.4249825554954,20.2350009611109));
#1945=CARTESIAN_POINT('Origin',(192.688986981021,-103.849963800881,8.73500050988514));
#1946=CARTESIAN_POINT('',(192.688986981021,-103.849963800881,5.9462322980002));
#1947=CARTESIAN_POINT('',(184.688986981021,-103.849963800881,5.9462322980002));
#1948=CARTESIAN_POINT('Origin',(192.688986981021,-99.3630997995807,20.2350009611109));
#1949=CARTESIAN_POINT('',(192.688986981021,-99.3630997995807,20.2350009611109));
#1950=CARTESIAN_POINT('',(192.688986981021,-96.3630997995806,20.2350009611109));
#1951=CARTESIAN_POINT('',(192.688986981021,-69.3087777548153,20.2350009611109));
#1952=CARTESIAN_POINT('',(184.688986981021,-99.3630997995807,20.2350009611109));
#1953=CARTESIAN_POINT('',(192.688986981021,-99.3630997995807,20.2350009611109));
#1954=CARTESIAN_POINT('',(184.688986981021,-96.3630997995806,20.2350009611109));
#1955=CARTESIAN_POINT('',(184.688986981021,-77.1815505548453,20.2350009611109));
#1956=CARTESIAN_POINT('',(192.688986981021,-96.3630997995806,20.2350009611109));
#1957=CARTESIAN_POINT('Origin',(192.688986981021,-99.3630997995807,8.73500050988514));
#1958=CARTESIAN_POINT('',(192.688986981021,-99.3630997995807,8.73500050988514));
#1959=CARTESIAN_POINT('',(192.688986981021,-99.3630997995807,5.9462322980002));
#1960=CARTESIAN_POINT('',(184.688986981021,-99.3630997995807,8.73500050988514));
#1961=CARTESIAN_POINT('',(192.688986981021,-99.3630997995807,8.73500050988514));
#1962=CARTESIAN_POINT('',(184.688986981021,-99.3630997995807,5.9462322980002));
#1963=CARTESIAN_POINT('Origin',(192.688986981021,-96.3630997995806,8.73500050988514));
#1964=CARTESIAN_POINT('',(192.688986981021,-96.3630997995806,8.73500050988514));
#1965=CARTESIAN_POINT('',(192.688986981021,-67.8087777548153,8.73500050988514));
#1966=CARTESIAN_POINT('',(184.688986981021,-96.3630997995806,8.73500050988514));
#1967=CARTESIAN_POINT('',(192.688986981021,-96.3630997995806,8.73500050988514));
#1968=CARTESIAN_POINT('',(184.688986981021,-75.6815505548453,8.73500050988514));
#1969=CARTESIAN_POINT('Origin',(192.688986981021,-96.3630997995806,20.2350009611109));
#1970=CARTESIAN_POINT('',(192.688986981021,-96.3630997995806,11.6962325236131));
#1971=CARTESIAN_POINT('',(184.688986981021,-96.3630997995806,11.6962325236131));
#1972=CARTESIAN_POINT('Origin',(137.205002047528,-40.0044557100499,24.5574171444685));
#1973=CARTESIAN_POINT('',(111.520936012039,-39.2544557100499,25.3074171444685));
#1974=CARTESIAN_POINT('',(178.221017114034,-39.2544557100499,25.3074171444685));
#1975=CARTESIAN_POINT('',(137.205002047528,-39.2544557100499,25.3074171444685));
#1976=CARTESIAN_POINT('',(176.721017114034,-40.7544557100499,23.8074171444685));
#1977=CARTESIAN_POINT('',(178.221017114034,-39.2544557100499,25.3074171444685));
#1978=CARTESIAN_POINT('',(113.020936012039,-40.7544557100499,23.8074171444685));
#1979=CARTESIAN_POINT('',(137.205002047528,-40.7544557100499,23.8074171444685));
#1980=CARTESIAN_POINT('',(111.520936012039,-39.2544557100499,25.3074171444685));
#1981=CARTESIAN_POINT('Origin',(177.471017114034,-40.0044557100499,3.93249730631695));
#1982=CARTESIAN_POINT('',(178.221017114034,-39.2544557100499,3.20753052651863));
#1983=CARTESIAN_POINT('',(178.221017114034,-39.2544557100499,3.93249730631695));
#1984=CARTESIAN_POINT('',(176.721017114034,-40.7544557100499,4.70753052651863));
#1985=CARTESIAN_POINT('',(178.221017114034,-39.2544557100499,3.20753052651863));
#1986=CARTESIAN_POINT('',(176.721017114034,-40.7544557100499,3.93249730631695));
#1987=CARTESIAN_POINT('Origin',(112.270936012039,-40.0044557100499,13.4824406152919));
#1988=CARTESIAN_POINT('',(113.020936012039,-40.7544557100499,4.70753052651864));
#1989=CARTESIAN_POINT('',(113.020936012039,-40.7544557100499,13.4824406152919));
#1990=CARTESIAN_POINT('',(111.520936012039,-39.2544557100499,3.20753052651863));
#1991=CARTESIAN_POINT('',(113.020936012039,-40.7544557100499,4.70753052651864));
#1992=CARTESIAN_POINT('',(111.520936012039,-39.2544557100499,13.4824406152919));
#1993=CARTESIAN_POINT('Origin',(105.35496149653,-40.0044557100499,3.95753052651863));
#1994=CARTESIAN_POINT('',(105.35496149653,-39.2544557100499,3.20753052651863));
#1995=CARTESIAN_POINT('',(105.35496149653,-40.7544557100499,4.70753052651864));
#1996=CARTESIAN_POINT('Origin',(113.020936012039,-39.2544557100499,23.8074171444685));
#1997=CARTESIAN_POINT('',(113.020936012039,-42.2544557100499,23.8074171444685));
#1998=CARTESIAN_POINT('',(113.020936012039,-39.2544557100499,23.8074171444685));
#1999=CARTESIAN_POINT('',(113.020936012039,-42.2544557100499,4.70753052651864));
#2000=CARTESIAN_POINT('',(113.020936012039,-42.2544557100535,13.4824406152919));
#2001=CARTESIAN_POINT('',(113.020936012039,-39.2544557100499,4.70753052651864));
#2002=CARTESIAN_POINT('Origin',(176.721017114034,-39.2544557100499,23.8074171444685));
#2003=CARTESIAN_POINT('',(176.721017114034,-42.2544557100499,23.8074171444685));
#2004=CARTESIAN_POINT('',(176.721017114034,-39.2544557100499,23.8074171444685));
#2005=CARTESIAN_POINT('',(141.366002303715,-42.2544557100505,23.8074171444685));
#2006=CARTESIAN_POINT('Origin',(97.6889869810208,-39.2544557100499,3.15746408611526));
#2007=CARTESIAN_POINT('',(190.188986981021,-39.2544557100499,0.157464086115255));
#2008=CARTESIAN_POINT('',(190.188986981021,-39.2544557100499,26.1574640861153));
#2009=CARTESIAN_POINT('',(190.188986981021,-39.2544557100499,3.15746408611526));
#2010=CARTESIAN_POINT('',(100.188986981021,-39.2544557100499,0.157464086115255));
#2011=CARTESIAN_POINT('',(97.6889869810208,-39.2544557100499,0.157464086115255));
#2012=CARTESIAN_POINT('',(100.188986981021,-39.2544557100499,26.1574640861153));
#2013=CARTESIAN_POINT('',(100.188986981021,-39.2544557100499,3.15746408611526));
#2014=CARTESIAN_POINT('',(97.6889869810208,-39.2544557100499,26.1574640861153));
#2015=CARTESIAN_POINT('Origin',(190.188986981021,-41.7544557100499,3.15746408611526));
#2016=CARTESIAN_POINT('',(192.688986981021,-41.7544557100499,0.157464086115256));
#2017=CARTESIAN_POINT('Origin',(190.188986981021,-41.7544557100499,0.157464086115255));
#2018=CARTESIAN_POINT('',(192.688986981021,-41.7544557100499,26.1574640861153));
#2019=CARTESIAN_POINT('Origin',(190.188986981021,-41.7544557100499,26.1574640861153));
#2020=CARTESIAN_POINT('',(192.688986981021,-41.7544557100499,3.15746408611526));
#2021=CARTESIAN_POINT('Origin',(145.188986981021,-83.4217474546609,26.1574640861153));
#2022=CARTESIAN_POINT('',(97.6889869810208,-41.7544557100499,26.1574640861153));
#2023=CARTESIAN_POINT('Origin',(100.188986981021,-41.7544557100499,26.1574640861153));
#2024=CARTESIAN_POINT('',(97.6889869810208,-125.089039199272,26.1574640861153));
#2025=CARTESIAN_POINT('',(97.6889869810208,-127.589039199272,26.1574640861153));
#2026=CARTESIAN_POINT('Origin',(100.188986981021,-125.089039199272,26.1574640861153));
#2027=CARTESIAN_POINT('',(192.688986981021,-125.089039199272,26.1574640861153));
#2028=CARTESIAN_POINT('Origin',(190.188986981021,-125.089039199272,26.1574640861153));
#2029=CARTESIAN_POINT('',(192.688986981021,-39.2544557100499,26.1574640861153));
#2030=CARTESIAN_POINT('',(186.388986981021,-123.589039199272,26.1574640861153));
#2031=CARTESIAN_POINT('Origin',(188.688986981021,-123.589039199272,26.1574640861153));
#2032=CARTESIAN_POINT('',(106.010987493396,-42.2544557100543,26.1574640861153));
#2033=CARTESIAN_POINT('',(180.160990601514,-42.2544557100462,26.1574640861153));
#2034=CARTESIAN_POINT('',(106.010987493396,-42.2544557100543,26.1574640861153));
#2035=CARTESIAN_POINT('',(180.160990601514,-55.00000131011,26.1574640861153));
#2036=CARTESIAN_POINT('',(180.160990601514,-42.2544557100462,26.1574640861153));
#2037=CARTESIAN_POINT('',(184.688986981021,-55.00000131011,26.1574640861153));
#2038=CARTESIAN_POINT('',(180.160990601514,-55.00000131011,26.1574640861153));
#2039=CARTESIAN_POINT('',(184.688986981021,-119.589039199272,26.1574640861153));
#2040=CARTESIAN_POINT('',(184.688986981021,-55.00000131011,26.1574640861153));
#2041=CARTESIAN_POINT('',(176.413861480622,-119.589039199272,26.1574640861153));
#2042=CARTESIAN_POINT('',(184.688986981021,-119.589039199272,26.1574640861153));
#2043=CARTESIAN_POINT('',(175.786140607031,-119.589039199272,26.1574640861153));
#2044=CARTESIAN_POINT('Origin',(176.100001043826,-115.099997917861,26.1574640861153));
#2045=CARTESIAN_POINT('',(114.413862866429,-119.589039199272,26.1574640861153));
#2046=CARTESIAN_POINT('',(184.688986981021,-119.589039199272,26.1574640861153));
#2047=CARTESIAN_POINT('',(113.786141992839,-119.589039199272,26.1574640861153));
#2048=CARTESIAN_POINT('Origin',(114.100002429634,-115.099997917861,26.1574640861153));
#2049=CARTESIAN_POINT('',(105.688986981021,-119.589039199272,26.1574640861153));
#2050=CARTESIAN_POINT('',(184.688986981021,-119.589039199272,26.1574640861153));
#2051=CARTESIAN_POINT('',(105.688986981021,-50.3144374030829,26.1574640861153));
#2052=CARTESIAN_POINT('',(105.688986981021,-119.589039199272,26.1574640861153));
#2053=CARTESIAN_POINT('',(176.390013381792,-50.3144374030829,26.1574640861153));
#2054=CARTESIAN_POINT('',(105.688986981021,-50.3144374030829,26.1574640861153));
#2055=CARTESIAN_POINT('',(176.390013381792,-47.3144374030829,26.1574640861153));
#2056=CARTESIAN_POINT('',(176.390013381792,-50.3144374030829,26.1574640861153));
#2057=CARTESIAN_POINT('',(106.010987493396,-47.3144374030829,26.1574640861153));
#2058=CARTESIAN_POINT('',(176.390013381792,-47.3144374030829,26.1574640861153));
#2059=CARTESIAN_POINT('',(106.010987493396,-42.2544557100543,26.1574640861153));
#2060=CARTESIAN_POINT('',(99.3889869810208,-123.589039199272,26.1574640861153));
#2061=CARTESIAN_POINT('Origin',(101.688986981021,-123.589039199272,26.1574640861153));
#2062=CARTESIAN_POINT('',(186.38898382361,-42.7544557100481,26.1574640861153));
#2063=CARTESIAN_POINT('Origin',(188.68898382361,-42.7544557100481,26.1574640861153));
#2064=CARTESIAN_POINT('',(99.3889869810165,-42.754455710051,26.1574640861153));
#2065=CARTESIAN_POINT('Origin',(101.688986981016,-42.754455710051,26.1574640861153));
#2066=CARTESIAN_POINT('Origin',(100.188986981021,-41.7544557100499,3.15746408611526));
#2067=CARTESIAN_POINT('',(97.6889869810208,-41.7544557100499,0.15746408611526));
#2068=CARTESIAN_POINT('Origin',(100.188986981021,-41.7544557100499,0.157464086115255));
#2069=CARTESIAN_POINT('',(97.6889869810208,-41.7544557100499,3.15746408611526));
#2070=CARTESIAN_POINT('Origin',(100.188986981021,-125.089039199272,3.15746408611527));
#2071=CARTESIAN_POINT('',(97.6889869810208,-125.089039199272,0.157464086115264));
#2072=CARTESIAN_POINT('Origin',(100.188986981021,-125.089039199272,0.157464086115255));
#2073=CARTESIAN_POINT('',(97.6889869810208,-125.089039199272,3.15746408611527));
#2074=CARTESIAN_POINT('Origin',(190.188986981021,-125.089039199272,3.15746408611526));
#2075=CARTESIAN_POINT('',(192.688986981021,-125.089039199272,0.15746408611526));
#2076=CARTESIAN_POINT('Origin',(190.188986981021,-125.089039199272,0.157464086115255));
#2077=CARTESIAN_POINT('',(192.688986981021,-125.089039199272,3.15746408611526));
#2078=CARTESIAN_POINT('Origin',(176.721017114034,-39.2544557100499,4.70753052651863));
#2079=CARTESIAN_POINT('',(176.721017114034,-42.2544557100499,4.70753052651863));
#2080=CARTESIAN_POINT('',(176.721017114034,-39.2544557100499,4.70753052651863));
#2081=CARTESIAN_POINT('',(176.721017114034,-42.2544557100466,3.93249730631695));
#2082=CARTESIAN_POINT('Origin',(113.020936012039,-39.2544557100499,4.70753052651864));
#2083=CARTESIAN_POINT('',(109.515961752717,-42.2544557100539,4.70753052651864));
#2084=CARTESIAN_POINT('Origin',(176.100001043826,-115.099997917861,3.15746408611526));
#2085=CARTESIAN_POINT('',(173.800001043826,-115.099997917861,20.1574640861153));
#2086=CARTESIAN_POINT('Origin',(176.100001043826,-115.099997917861,20.1574640861153));
#2087=CARTESIAN_POINT('',(173.800001043826,-115.099997917861,3.15746408611526));
#2088=CARTESIAN_POINT('',(173.800001043826,-115.099997917861,3.15746408611526));
#2089=CARTESIAN_POINT('Origin',(176.100001043826,-115.099997917861,3.15746408611526));
#2090=CARTESIAN_POINT('Origin',(175.786140607031,-119.589039199272,3.15746408611526));
#2091=CARTESIAN_POINT('',(176.413861480622,-119.589039199272,3.15746408611526));
#2092=CARTESIAN_POINT('',(175.786140607031,-119.589039199272,3.15746408611526));
#2093=CARTESIAN_POINT('',(160.487563794026,-119.589039199272,3.15746408611526));
#2094=CARTESIAN_POINT('',(176.413861480622,-119.589039199272,20.1574640861153));
#2095=CARTESIAN_POINT('',(176.413861480622,-119.589039199272,3.15746408611526));
#2096=CARTESIAN_POINT('',(175.786140607031,-119.589039199272,20.1574640861153));
#2097=CARTESIAN_POINT('',(184.688986981021,-119.589039199272,20.1574640861153));
#2098=CARTESIAN_POINT('',(175.786140607031,-119.589039199272,3.15746408611526));
#2099=CARTESIAN_POINT('Origin',(176.100001043826,-115.099997917861,3.15746408611526));
#2100=CARTESIAN_POINT('Origin',(176.100001043826,-115.099997917861,3.15746408611526));
#2101=CARTESIAN_POINT('Origin',(176.100001043826,-115.099997917861,20.1574640861153));
#2102=CARTESIAN_POINT('Origin',(176.100001043826,-115.094518558566,20.1574640861153));
#2103=CARTESIAN_POINT('Origin',(145.188986981021,-83.4217474546609,3.15746408611526));
#2104=CARTESIAN_POINT('Origin',(176.100001043826,-115.099997917861,3.15746408611526));
#2105=CARTESIAN_POINT('Origin',(145.188986981021,-83.4217474546609,3.15746408611526));
#2106=CARTESIAN_POINT('',(184.688986981021,-119.589039199272,3.15746408611526));
#2107=CARTESIAN_POINT('',(164.938986981021,-119.589039199272,3.15746408611526));
#2108=CARTESIAN_POINT('',(184.688986981021,-55.00000131011,3.15746408611526));
#2109=CARTESIAN_POINT('',(184.688986981021,-69.2108743823854,3.15746408611526));
#2110=CARTESIAN_POINT('',(180.160990601514,-55.00000131011,3.15746408611526));
#2111=CARTESIAN_POINT('',(162.674988791268,-55.00000131011,3.15746408611526));
#2112=CARTESIAN_POINT('',(180.160990601514,-42.2544557100462,3.15746408611526));
#2113=CARTESIAN_POINT('',(180.160990601514,-62.8381015823536,3.15746408611526));
#2114=CARTESIAN_POINT('',(106.010987493396,-42.2544557100543,3.15746408611526));
#2115=CARTESIAN_POINT('',(125.599987237206,-42.2544557100522,3.15746408611526));
#2116=CARTESIAN_POINT('',(106.010987493396,-47.3144374030829,3.15746408611526));
#2117=CARTESIAN_POINT('',(106.010987493396,-65.3680924288719,3.15746408611526));
#2118=CARTESIAN_POINT('',(176.390013381792,-47.3144374030829,3.15746408611526));
#2119=CARTESIAN_POINT('',(160.789500181407,-47.3144374030829,3.15746408611526));
#2120=CARTESIAN_POINT('',(176.390013381792,-50.3144374030829,3.15746408611526));
#2121=CARTESIAN_POINT('',(176.390013381792,-66.8680924288719,3.15746408611526));
#2122=CARTESIAN_POINT('',(105.688986981021,-50.3144374030829,3.15746408611526));
#2123=CARTESIAN_POINT('',(125.438986981021,-50.3144374030829,3.15746408611526));
#2124=CARTESIAN_POINT('',(105.688986981021,-119.589039199272,3.15746408611526));
#2125=CARTESIAN_POINT('',(105.688986981021,-101.505393326966,3.15746408611526));
#2126=CARTESIAN_POINT('',(113.786141992839,-119.589039199272,3.15746408611526));
#2127=CARTESIAN_POINT('',(129.48756448693,-119.589039199272,3.15746408611526));
#2128=CARTESIAN_POINT('',(114.413862866429,-119.589039199272,3.15746408611526));
#2129=CARTESIAN_POINT('Origin',(114.100002429634,-115.099997917861,3.15746408611526));
#2130=CARTESIAN_POINT('',(160.487563794026,-119.589039199272,3.15746408611526));
#2131=CARTESIAN_POINT('',(109.600002429634,-58.0999991919099,3.15746408611526));
#2132=CARTESIAN_POINT('Origin',(114.100002429634,-58.0999991919099,3.15746408611526));
#2133=CARTESIAN_POINT('Origin',(114.100002429634,-115.099997917861,3.15746408611526));
#2134=CARTESIAN_POINT('',(111.800002429634,-115.099997917861,20.1574640861153));
#2135=CARTESIAN_POINT('Origin',(114.100002429634,-115.099997917861,20.1574640861153));
#2136=CARTESIAN_POINT('',(111.800002429634,-115.099997917861,3.15746408611526));
#2137=CARTESIAN_POINT('',(111.800002429634,-115.099997917861,3.15746408611526));
#2138=CARTESIAN_POINT('Origin',(114.100002429634,-115.099997917861,3.15746408611526));
#2139=CARTESIAN_POINT('Origin',(113.786141992839,-119.589039199272,3.15746408611526));
#2140=CARTESIAN_POINT('',(129.48756448693,-119.589039199272,3.15746408611526));
#2141=CARTESIAN_POINT('',(114.413862866429,-119.589039199272,20.1574640861153));
#2142=CARTESIAN_POINT('',(114.413862866429,-119.589039199272,3.15746408611526));
#2143=CARTESIAN_POINT('',(113.786141992839,-119.589039199272,20.1574640861153));
#2144=CARTESIAN_POINT('',(184.688986981021,-119.589039199272,20.1574640861153));
#2145=CARTESIAN_POINT('',(113.786141992839,-119.589039199272,3.15746408611526));
#2146=CARTESIAN_POINT('Origin',(114.100002429634,-115.099997917861,3.15746408611526));
#2147=CARTESIAN_POINT('Origin',(114.100002429634,-115.099997917861,20.1574640861153));
#2148=CARTESIAN_POINT('Origin',(114.100002429634,-115.094518558566,20.1574640861153));
#2149=CARTESIAN_POINT('Origin',(145.188986981021,-83.4217474546609,3.15746408611526));
#2150=CARTESIAN_POINT('Origin',(114.100002429634,-115.099997917861,3.15746408611526));
#2151=CARTESIAN_POINT('Origin',(145.188986981021,-83.4217474546609,3.15746408611526));
#2152=CARTESIAN_POINT('Origin',(114.100002429634,-58.0999991919099,3.15746408611526));
#2153=CARTESIAN_POINT('',(111.800002429634,-58.0999991919099,20.1574640861153));
#2154=CARTESIAN_POINT('Origin',(114.100002429634,-58.0999991919099,20.1574640861153));
#2155=CARTESIAN_POINT('',(111.800002429634,-58.0999991919099,3.15746408611526));
#2156=CARTESIAN_POINT('',(111.800002429634,-58.0999991919099,3.15746408611526));
#2157=CARTESIAN_POINT('Origin',(114.100002429634,-58.0999991919099,3.15746408611526));
#2158=CARTESIAN_POINT('Origin',(114.100002429634,-58.0999991919099,3.15746408611526));
#2159=CARTESIAN_POINT('',(109.600002429634,-58.0999991919099,20.1574640861153));
#2160=CARTESIAN_POINT('Origin',(114.100002429634,-58.0999991919099,20.1574640861153));
#2161=CARTESIAN_POINT('',(109.600002429634,-58.0999991919099,3.15746408611526));
#2162=CARTESIAN_POINT('Origin',(114.100002429634,-58.0999991919099,20.1574640861153));
#2163=CARTESIAN_POINT('Origin',(145.188986981021,-83.4217474546609,3.15746408611526));
#2164=CARTESIAN_POINT('Origin',(101.688986981016,-42.754455710051,3.15746408611526));
#2165=CARTESIAN_POINT('',(99.3889869810165,-42.754455710051,3.15746408611526));
#2166=CARTESIAN_POINT('',(99.3889869810165,-42.754455710051,3.15746408611526));
#2167=CARTESIAN_POINT('Origin',(101.688986981016,-42.754455710051,3.15746408611526));
#2168=CARTESIAN_POINT('Origin',(188.68898382361,-42.7544557100481,3.15746408611526));
#2169=CARTESIAN_POINT('',(186.38898382361,-42.7544557100481,3.15746408611526));
#2170=CARTESIAN_POINT('',(186.38898382361,-42.7544557100481,3.15746408611526));
#2171=CARTESIAN_POINT('Origin',(188.68898382361,-42.7544557100481,3.15746408611526));
#2172=CARTESIAN_POINT('Origin',(101.688986981021,-123.589039199272,3.15746408611527));
#2173=CARTESIAN_POINT('',(99.3889869810208,-123.589039199272,3.15746408611527));
#2174=CARTESIAN_POINT('',(99.3889869810208,-123.589039199272,3.15746408611527));
#2175=CARTESIAN_POINT('Origin',(101.688986981021,-123.589039199272,3.15746408611526));
#2176=CARTESIAN_POINT('Origin',(106.010987493396,-47.3144374030829,3.15746408611526));
#2177=CARTESIAN_POINT('',(106.010987493396,-42.2544557100543,3.15746408611526));
#2178=CARTESIAN_POINT('',(106.010987493396,-47.3144374030829,3.15746408611526));
#2179=CARTESIAN_POINT('Origin',(176.390013381792,-47.3144374030829,3.15746408611526));
#2180=CARTESIAN_POINT('',(176.390013381792,-47.3144374030829,3.15746408611526));
#2181=CARTESIAN_POINT('Origin',(176.390013381792,-50.3144374030829,3.15746408611526));
#2182=CARTESIAN_POINT('',(176.390013381792,-50.3144374030829,3.15746408611526));
#2183=CARTESIAN_POINT('Origin',(105.688986981021,-50.3144374030829,3.15746408611526));
#2184=CARTESIAN_POINT('',(105.688986981021,-50.3144374030829,3.15746408611526));
#2185=CARTESIAN_POINT('Origin',(105.688986981021,-119.589039199272,3.15746408611526));
#2186=CARTESIAN_POINT('',(105.688986981021,-119.589039199272,3.15746408611526));
#2187=CARTESIAN_POINT('Origin',(113.786141992839,-119.589039199272,3.15746408611526));
#2188=CARTESIAN_POINT('',(113.786141992839,-119.589039199272,3.15746408611526));
#2189=CARTESIAN_POINT('',(113.786141992839,-119.589039199272,3.15746408611526));
#2190=CARTESIAN_POINT('Origin',(114.100002429634,-115.099997917861,3.15746408611526));
#2191=CARTESIAN_POINT('',(114.413862866429,-119.589039199272,3.15746408611526));
#2192=CARTESIAN_POINT('',(114.413862866429,-119.589039199272,3.15746408611526));
#2193=CARTESIAN_POINT('Origin',(175.786140607031,-119.589039199272,3.15746408611526));
#2194=CARTESIAN_POINT('',(175.786140607031,-119.589039199272,3.15746408611526));
#2195=CARTESIAN_POINT('',(175.786140607031,-119.589039199272,3.15746408611526));
#2196=CARTESIAN_POINT('Origin',(176.100001043826,-115.099997917861,3.15746408611526));
#2197=CARTESIAN_POINT('',(176.413861480622,-119.589039199272,3.15746408611526));
#2198=CARTESIAN_POINT('',(176.413861480622,-119.589039199272,3.15746408611526));
#2199=CARTESIAN_POINT('Origin',(184.688986981021,-119.589039199272,3.15746408611526));
#2200=CARTESIAN_POINT('',(184.688986981021,-119.589039199272,3.15746408611526));
#2201=CARTESIAN_POINT('Origin',(184.688986981021,-55.00000131011,3.15746408611526));
#2202=CARTESIAN_POINT('',(184.688986981021,-55.00000131011,3.15746408611526));
#2203=CARTESIAN_POINT('Origin',(180.160990601514,-55.00000131011,3.15746408611526));
#2204=CARTESIAN_POINT('',(180.160990601514,-55.00000131011,3.15746408611526));
#2205=CARTESIAN_POINT('Origin',(180.160990601514,-42.2544557100462,3.15746408611526));
#2206=CARTESIAN_POINT('',(180.160990601514,-42.2544557100462,3.15746408611526));
#2207=CARTESIAN_POINT('Origin',(106.010987493396,-42.2544557100543,3.15746408611526));
#2208=CARTESIAN_POINT('Origin',(188.688986981021,-123.589039199272,3.15746408611527));
#2209=CARTESIAN_POINT('',(186.388986981021,-123.589039199272,3.15746408611527));
#2210=CARTESIAN_POINT('',(186.388986981021,-123.589039199272,3.15746408611527));
#2211=CARTESIAN_POINT('Origin',(188.688986981021,-123.589039199272,3.15746408611526));
#2212=CARTESIAN_POINT('Origin',(145.188986981021,-83.4217474546609,3.15746408611526));
#2213=CARTESIAN_POINT('Origin',(145.188986981021,-83.4217474546609,3.15746408611526));
#2214=CARTESIAN_POINT('Origin',(145.188986981021,-83.4217474546609,3.15746408611526));
#2215=CARTESIAN_POINT('Origin',(145.188986981021,-83.4217474546609,3.15746408611526));
#2216=CARTESIAN_POINT('Origin',(145.188986981021,-83.4217474546609,3.15746408611526));
#2217=CARTESIAN_POINT('Origin',(97.6889869810208,-127.589039199272,3.15746408611527));
#2218=CARTESIAN_POINT('',(97.6889869810208,-127.589039199272,0.157464086115264));
#2219=CARTESIAN_POINT('Origin',(192.688986981021,-39.2544557100499,3.15746408611526));
#2220=CARTESIAN_POINT('',(192.688986981021,-39.2544557100499,0.157464086115255));
#2221=CARTESIAN_POINT('Origin',(145.188986981021,-83.4217474546609,0.157464086115255));
#2222=UNCERTAINTY_MEASURE_WITH_UNIT(LENGTH_MEASURE(0.01),#2226,
'DISTANCE_ACCURACY_VALUE',
'Maximum model space distance between geometric entities at asserted c
onnectivities');
#2223=UNCERTAINTY_MEASURE_WITH_UNIT(LENGTH_MEASURE(0.01),#2226,
'DISTANCE_ACCURACY_VALUE',
'Maximum model space distance between geometric entities at asserted c
onnectivities');
#2224=(
GEOMETRIC_REPRESENTATION_CONTEXT(3)
GLOBAL_UNCERTAINTY_ASSIGNED_CONTEXT((#2222))
GLOBAL_UNIT_ASSIGNED_CONTEXT((#2226,#2228,#2229))
REPRESENTATION_CONTEXT('','3D')
);
#2225=(
GEOMETRIC_REPRESENTATION_CONTEXT(3)
GLOBAL_UNCERTAINTY_ASSIGNED_CONTEXT((#2223))
GLOBAL_UNIT_ASSIGNED_CONTEXT((#2226,#2228,#2229))
REPRESENTATION_CONTEXT('','3D')
);
#2226=(
LENGTH_UNIT()
NAMED_UNIT(*)
SI_UNIT(.MILLI.,.METRE.)
);
#2227=(
LENGTH_UNIT()
NAMED_UNIT(*)
SI_UNIT($,.METRE.)
);
#2228=(
NAMED_UNIT(*)
PLANE_ANGLE_UNIT()
SI_UNIT($,.RADIAN.)
);
#2229=(
NAMED_UNIT(*)
SI_UNIT($,.STERADIAN.)
SOLID_ANGLE_UNIT()
);
#2230=SHAPE_DEFINITION_REPRESENTATION(#2231,#2232);
#2231=PRODUCT_DEFINITION_SHAPE('',$,#2234);
#2232=SHAPE_REPRESENTATION('',(#1358),#2224);
#2233=PRODUCT_DEFINITION_CONTEXT('part definition',#2238,'design');
#2234=PRODUCT_DEFINITION('2026-09-14-22-39-05-823','Pyae''s Alarm Cloc
k',#2235,#2233);
#2235=PRODUCT_DEFINITION_FORMATION('',$,#2240);
#2236=PRODUCT_RELATED_PRODUCT_CATEGORY('Pyae''s Alarm Clock',
'Pyae''s Alarm Clock',(#2240));
#2237=APPLICATION_PROTOCOL_DEFINITION('international standard',
'automotive_design',2009,#2238);
#2238=APPLICATION_CONTEXT(
'Core Data for Automotive Mechanical Design Process');
#2239=PRODUCT_CONTEXT('part definition',#2238,'mechanical');
#2240=PRODUCT('2026-09-14-22-39-05-823','Pyae''s Alarm Clock',
'KiCad electronic assembly',(#2239));
#2241=PRESENTATION_STYLE_ASSIGNMENT((#2242));
#2242=SURFACE_STYLE_USAGE(.BOTH.,#2243);
#2243=SURFACE_SIDE_STYLE('',(#2244));
#2244=SURFACE_STYLE_FILL_AREA(#2245);
#2245=FILL_AREA_STYLE('Steel - Satin',(#2246));
#2246=FILL_AREA_STYLE_COLOUR('Steel - Satin',#2247);
#2247=COLOUR_RGB('Steel - Satin',0.627450980392157,0.627450980392157,0.627450980392157);
ENDSEC;
END-ISO-10303-21;
